section,sheet,film_kr,film_en,field,korean,english
올해의 산 : 히말라야 - 네팔 Guest Country : Himalaya - NEPAL,GC,자리,Jaari,작품명,자리,Jaari
올해의 산 : 히말라야 - 네팔 Guest Country : Himalaya - NEPAL,GC,자리,Jaari,시놉시스,"1995년, 끊임없이 다투는 부부 남상(다야항 라이)과 그의 아내 항마(미루나 마가르)의 이야기로 시작한다. 결국 항마는 남상을 떠나 부모님의 집으로 돌아가고, 그녀는 다른 남자 로이딥 슈레스타를 만나 떠나지만, 가족이 배상금을 지불하지 못하자 결국 남상에게 돌아오게 되는데···","Set in 1995, the story follows Namsang (Dayahang Rai) and his wife Hangma (Miruna Magar), who are constantly arguing and fighting. Eventually, Hangma leaves Namsang and returns to her parents' house. She elopes with another man, Roydeep Shrestha, but eventually returns to Namsang when her family is unable to pay him compensation for her elopement."
올해의 산 : 히말라야 - 네팔 Guest Country : Himalaya - NEPAL,GC,자리,Jaari,프로그램 노트,"시인, 각본가로 활동하던 감독의 네팔 역대 흥행 3위를 기록한 데뷔작이다. 영화는 림부족의 팔람춤이나 전통복식, 통바 같은 음료 등의 전통문화와 전통이라는 이름으로 유지되는 불평등한 관습을 소재로 하고 있다. 네팔의 국민배우 다야항 라이와 미루나 마가르의 연기를 확인할 수 있다.","This is the debut film of a director who worked as a poet and screenwriter, and it recorded the third highest box office hit in Nepal. The film is based on the traditional culture of the Limbu tribe, such as the Palam dance, traditional clothing, and drinks like Tongba, as well as the unequal customs maintained in the name of tradition. You can see the performances of Nepal's national actors Dayahang Rai and Miruna Magar."
올해의 산 : 히말라야 - 네팔 Guest Country : Himalaya - NEPAL,GC,자리,Jaari,노트 작성자,프로그래머 이정진,"Jinna Lee, Programmer
Sagar Raaj, Manager"
올해의 산 : 히말라야 - 네팔 Guest Country : Himalaya - NEPAL,GC,자리,Jaari,감독명,우펜드라 수바,Upendra Subba
올해의 산 : 히말라야 - 네팔 Guest Country : Himalaya - NEPAL,GC,자리,Jaari,바이오,"네팔 출신의 시인이자 작사가, 작가, 영화감독. 말수가 적고 소박한 인물이다. 그가 각본을 쓰고 연기한 <카바디>의 자크리 바제처럼 유쾌하고 재치 있는 사람일 거라 짐작하는 이들도 많다.","Upendra Bahadur Angdembe Limbu who is known as Upendra Subba is a Nepali poet, lyricist, writer, and film director. Upendra Subba is a man of few words and a whole lot of simplicity. One would imagine him to be jovial and witty like the character he played in the Jhakri Baje in Kabaddi, of which he wrote the script."
올해의 산 : 히말라야 - 네팔 Guest Country : Himalaya - NEPAL,GC,자리,Jaari,영화정보,Nepal | 2023 | 121min | Color | Fiction | Korean Premiere,
올해의 산 : 히말라야 - 네팔 Guest Country : Himalaya - NEPAL,GC,레드 수트케이스,The Red Suitcase,작품명,레드 수트케이스,The Red Suitcase
올해의 산 : 히말라야 - 네팔 Guest Country : Himalaya - NEPAL,GC,레드 수트케이스,The Red Suitcase,시놉시스,"해외에서 도착한 짐을 싣고 카트만두 공항을 떠나는 픽업트럭 운전사. 이틀을 운전해 외딴 산골 마을로 향한다. 그리고 고속도로 위, 한 남자가 작고 빨간 여행 가방을 끌며 같은 마을을 향해 천천히 걸어간다.","A pick-up truck driver leaves Kathmandu airport for a two-day drive with a delivery arriving from abroad to a remote mountain village. On the high road, a solitary figure slowly makes his way, wheeling a small red suitcase toward the same village."
올해의 산 : 히말라야 - 네팔 Guest Country : Himalaya - NEPAL,GC,레드 수트케이스,The Red Suitcase,프로그램 노트,"정치적, 경제적 불확실성에 직면한 네팔 젊은이들의 정신을 반영한 영화. 이주와 송금이 초래한 사회적 대가를 조명하고 ‘싸구려’에 ‘소모품’이 되어버린 이주 노동자들의 삶을 드러낸다. 그들의 희망과 꿈, 그리고 절망은 깊은 울림을 준다. 이 영화는 전 세계 수백만 이주 노동자들에게 바치는 헌사다.","This film reflects the spirit of Nepalese youth facing political and economic uncertainty. It highlights the social costs of migration and remittance in Nepal. The story reveals the “cheap” and “expendable” lives of migrant workers, while resonating with their hopes, dreams, and despair. This film is my tribute to millions of migrant workers worldwide."
올해의 산 : 히말라야 - 네팔 Guest Country : Himalaya - NEPAL,GC,레드 수트케이스,The Red Suitcase,노트 작성자,감독 피델 데브코다,"Fidel Devkota, Director"
올해의 산 : 히말라야 - 네팔 Guest Country : Himalaya - NEPAL,GC,레드 수트케이스,The Red Suitcase,감독명,피델 데브코다,Fidel Devkota
올해의 산 : 히말라야 - 네팔 Guest Country : Himalaya - NEPAL,GC,레드 수트케이스,The Red Suitcase,바이오,"네팔 출신 영화감독이자 시각 인류학 박사. 환경과 정치의 지속적인 변화 속에서 네팔의 정신적, 사회적, 경제적 전환을 탐구한다. 여러 편의 단편 영화를 연출했으며, <레드 수트케이스>는 첫 장편영화다.","Fidel Devkota is a Nepalese filmmaker and visual anthropologist (PhD). His work explores the spiritual, social, and economic transformations in Nepal amidst ongoing environmental and political change. Having directed several short films, The Red Suitcase is his first narrative feature."
올해의 산 : 히말라야 - 네팔 Guest Country : Himalaya - NEPAL,GC,레드 수트케이스,The Red Suitcase,영화정보,"Nepal, Sri Lanka | 2023 | 87min | Color | Fiction | Korean Premiere",
올해의 산 : 히말라야 - 네팔 Guest Country : Himalaya - NEPAL,GC,스노 레오파드 자매,Snow Leopard Sisters,작품명,스노 레오파드 자매,Snow Leopard Sisters
올해의 산 : 히말라야 - 네팔 Guest Country : Himalaya - NEPAL,GC,스노 레오파드 자매,Snow Leopard Sisters,시놉시스,"<스노 레오파드 자매>는 히말라야 외딴곳에 사는 두 원주민 여성 간의 놀랍고도 강렬한 우정을 담은 이야기다. 영화는 강제 결혼에서 벗어나고 싶은 17세 소녀 텐진 부티 구룽과 그녀의 멘토 이자 지역 설표 보호 운동가인 츠히링 라무 라마의 여정을 따라간다. 험난한 히말라야의 절경을 가로지르며, 이들은 멸종 위기에 처한 마지막 설표를 찾아 나선다.","Snow Leopard Sisters tells the inspiring story of an unlikely yet powerful friendship between two Indigenous women in one of the most isolated corners of the Himalayas. The film follows local snow leopard conservationist Tshiring Lhamu Lama as she mentors 17-year-old Tenzin Bhuti Gurung, who is desperate to escape a forced marriage. Together, they journey through the treacherous yet breathtaking landscape of the Himalayas in search of the last remaining endangered snow leopards."
올해의 산 : 히말라야 - 네팔 Guest Country : Himalaya - NEPAL,GC,스노 레오파드 자매,Snow Leopard Sisters,프로그램 노트,이 영화는 멸종 위기인 네팔 돌포 지역의 설표 개체수 회복을 위한 노력의 일환으로 기획·제작되었다.,This film was conceived and produced to help revive the endangered population of snow leopards in Nepal’s remote Dolpo district.
올해의 산 : 히말라야 - 네팔 Guest Country : Himalaya - NEPAL,GC,스노 레오파드 자매,Snow Leopard Sisters,노트 작성자,감독 벤 아이어스,"Ben Ayers, Director"
올해의 산 : 히말라야 - 네팔 Guest Country : Himalaya - NEPAL,GC,스노 레오파드 자매,Snow Leopard Sisters,감독명,"소남 초이키 라마, 벤 아이어스, 앤드류 린치","Sonam Choekyi Lama, Ben Ayers, Andrew Lynch"
올해의 산 : 히말라야 - 네팔 Guest Country : Himalaya - NEPAL,GC,스노 레오파드 자매,Snow Leopard Sisters,바이오,"세 사람은 2025년 3월 SXSW에서 처음 선보인 <스노 레오파드 자매>를 공동연출했다. 네팔에 거주하는 25년 경력의 언론인이자 영화 제작자인 아이어스가 네팔 촬영 감독 라마 의 장편 데뷔작을 도왔고, 런던 기반의 프로듀서 겸 촬영감독 린치가 노아미디어그룹을 통해 팀에 합류했다.","Sonam Choekyi Lama, Ben Ayers, Andrew Lynch co-directed Snow Leopard Sisters, which premiered at SXSW in March 2025. Ayers, a Nepal-based journalist and filmmaker of 25 years, teamed with Nepali cinematographer Lama for her feature debut. Lynch, a London-based producer/cinematographer, joined via Noah Media Group to complete the trio."
올해의 산 : 히말라야 - 네팔 Guest Country : Himalaya - NEPAL,GC,스노 레오파드 자매,Snow Leopard Sisters,영화정보,UK | 2024 | 97min | Color | Documentary | Asian Premiere,
올해의 산 : 히말라야 - 네팔 Guest Country : Himalaya - NEPAL,GC,울 스웨터,The Woolen Sweater,작품명,울 스웨터,The Woolen Sweater
올해의 산 : 히말라야 - 네팔 Guest Country : Himalaya - NEPAL,GC,울 스웨터,The Woolen Sweater,시놉시스,"네팔 동부 구릉지대의 다문화적 배경 속에서 펼쳐지는 이 영화는, 사랑과 사람이 주는 따스함이 가득 찬 여정으로 우리를 초대한다. 아버지로부터 기술을 물려받은 숙련된 석공 다라니다르 카플레. 그는 종종 아버지의 절친한 친구를 찾아 구릉지대로 향하고, 그곳에서 어린 시절 짝사랑했던 풀 구룽과 재회하게 된다.","Based in the multi-cultural settings of Eastern hills of Nepal, film takes us on a journey filled with the warmth of love and human connections. The film follows Dharanidhar Kafle, a skilled mason who has inherited his craft from his father. Dharani frequently visits his father’s soul friend in the highlands where he reconnects with his childhood crush, Phool Gurung."
올해의 산 : 히말라야 - 네팔 Guest Country : Himalaya - NEPAL,GC,울 스웨터,The Woolen Sweater,프로그램 노트,<울 스웨터>는 네팔 동부 구릉지대를 배경으로 한 진솔한 이야기를 통해 삶의 소박한 몸짓들에 담긴 사랑의 따스함을 전한다. 또한 구릉지대와 평원 지대에 사는 이들의 공동체적 유대를 통해 네팔의 아름다운 문화적 다양성을 보여준다.,"The Woolen Sweater presents authentic storytelling rooted in Nepal’s eastern hills, capturing the warmth of love through life’s simplest gestures. It represents Nepal’s beautiful cultural diversity through societal threads of people living in the highlands and the lowlands."
올해의 산 : 히말라야 - 네팔 Guest Country : Himalaya - NEPAL,GC,울 스웨터,The Woolen Sweater,노트 작성자,총괄 프로듀서 사가르 부다토키,"Sagar Budhathoki, Executive Producer"
올해의 산 : 히말라야 - 네팔 Guest Country : Himalaya - NEPAL,GC,울 스웨터,The Woolen Sweater,감독명,나빈 차우한,Nabin Chauhan
올해의 산 : 히말라야 - 네팔 Guest Country : Himalaya - NEPAL,GC,울 스웨터,The Woolen Sweater,바이오,"네팔 출신 감독 겸 작가이자 아트만두의 창립자. 연극으로 시작해, 시각적으로 풍부하고 진정성 있는 뮤지컬 영화로 주목받았다. 장편 데뷔작 <울 스웨터>로 네팔 영화계의 유망한 감독으로 자리매김 했다.","Nabin Chauhan is a Nepali writer-director and founder of Artmandu. Starting his career in theatre, he gained recognition for visually rich and authentic storytelling in musical films. His debut feature film The Woolen Sweater has established him as a promising voice in contemporary Nepali cinema."
올해의 산 : 히말라야 - 네팔 Guest Country : Himalaya - NEPAL,GC,울 스웨터,The Woolen Sweater,영화정보,Nepal | 2025 | 147min | Color | Fiction | International Premiere,
올해의 산 : 히말라야 - 네팔 Guest Country : Himalaya - NEPAL,GC,카스트를 넘어,Sanai,작품명,카스트를 넘어,Sanai
올해의 산 : 히말라야 - 네팔 Guest Country : Himalaya - NEPAL,GC,카스트를 넘어,Sanai,시놉시스,"11살 루파와 마야는 여전히 계급 차별과 가부장제가 만연한 마을에서 가장 친한 친구다. 한 명은 상위 계급인 브라만에, 다른 한 명은 불가촉천민인 달리트에 속한다. 주위 사람들은 늘 둘의 차이를 상기시키지만, 두 소녀에게 중요한 것은 무조건적인 사랑과 우정이다.","Rupa and Maya (11) are best friends in a village where class discrimination and patriarchy is still very much the norm. One belongs to a Brahmin (upper) caste while other a Dalit (untouchable) caste. Everyone else makes them feel that they are different from one another, but what matters to them is their unconditional love and friendship."
올해의 산 : 히말라야 - 네팔 Guest Country : Himalaya - NEPAL,GC,카스트를 넘어,Sanai,프로그램 노트,"카스트에 기반한 차별과 불가촉천민은 법으로 처벌받고 엄중히 규탄받지만, 오늘날까지도 네팔 전역에는 차별과 폭력 범죄가 여전히 존재한다. 우정이든 사랑이든, 모든 관계는 카스트, 성별, 계급, 사회의 억압에 의해 결정되는 것이 아니라, 가장 순수한 형태로 자연스럽게 피어날 수 있어야 한다.","Though Caste based discrimination and untouchability is punishable by law, and severely condemned, as of today discrimination and violent crimes very much exists across Nepal. Any relationship, whether it be friendship or love, should be allowed to blossom organically in its purest form, without caste, gender, class and oppressions of society determining the course it should take."
올해의 산 : 히말라야 - 네팔 Guest Country : Himalaya - NEPAL,GC,카스트를 넘어,Sanai,노트 작성자,감독 아칸차 카르키,"Akanchha Karki, Director"
올해의 산 : 히말라야 - 네팔 Guest Country : Himalaya - NEPAL,GC,카스트를 넘어,Sanai,감독명,아칸차 카르키,Akanchha Karki
올해의 산 : 히말라야 - 네팔 Guest Country : Himalaya - NEPAL,GC,카스트를 넘어,Sanai,바이오,카트만두 연극계의 핵심 인물로 극단 카타게라의 설립자다. 상담심리학 석사 학위를 바탕으로 정신 건강 인식 제고를 이야기에 녹여내며 성인지 감수성이 돋보이는 강렬한 작품을 만들어왔다. 현재는 영화제작으로 활동 영역을 넓혀 가고 있다.,"A powerhouse in Kathmandu’s theatre scene, Akanchha Karki is the founder of Katha Ghera. With a Master’s in Counseling Psychology, she blends storytelling with mental health advocacy to create compelling, gender-sensitive work. She is now expanding her focus to filmmaking."
올해의 산 : 히말라야 - 네팔 Guest Country : Himalaya - NEPAL,GC,카스트를 넘어,Sanai,영화정보,Nepal | 2022 | 15min | Color | Fiction | Korean Premiere,
올해의 산 : 히말라야 - 네팔 Guest Country : Himalaya - NEPAL,GC,사랑과 미움의 세레나데,Songs of Love and Hate,작품명,사랑과 미움의 세레나데,Songs of Love and Hate
올해의 산 : 히말라야 - 네팔 Guest Country : Himalaya - NEPAL,GC,사랑과 미움의 세레나데,Songs of Love and Hate,시놉시스,"인기 있는 연애 상담 라디오 쇼의 카리스마 넘치는 진행자 프렘은 정작 그 자신도 실연의 고통에 시달리고 있다. 험난한 산을 오르며 위안을 찾는 프렘. 감정이 요동치는 가운데, 그에게 조언을 구하는 청취자들의 절박한 목소리가 울려 퍼진다. 감정의 소용돌이와 자아 발견을 몰입감 있게 그린 이야기.","Prem, the charismatic host of a popular radio show offering advice on matters of the heart, is himself plagued by heartache. He seeks solace in the rugged mountains. As he goes through his own emotional upheaval, desperate calls from listeners asking him for advice echo through the wilderness. A gripping tale of emotional turmoil and self-discovery."
올해의 산 : 히말라야 - 네팔 Guest Country : Himalaya - NEPAL,GC,사랑과 미움의 세레나데,Songs of Love and Hate,프로그램 노트,"2022년 겨울, 이별의 아픔으로 방황하던 중 10대 시절 신문에 실린 연애 조언 칼럼을 훑어보던 기억이 떠올랐다. 이 개인적인 경험에 사회적 담론을 더해 네팔 사회 속 관계의 의미를 탐구하는 영화를 구상하게 되었다.","In the winter of 2022, still ailing from a broken relationship and seeking guidance, I remembered flipping 
through relationship advice columns in the newspaper during my teenage years. That blend of personal 
experience and social discourse inspired the idea for a film exploring how relationships function within Nepali society."
올해의 산 : 히말라야 - 네팔 Guest Country : Himalaya - NEPAL,GC,사랑과 미움의 세레나데,Songs of Love and Hate,노트 작성자,감독 사우라브 기미어,"Saurav Ghimire, Director"
올해의 산 : 히말라야 - 네팔 Guest Country : Himalaya - NEPAL,GC,사랑과 미움의 세레나데,Songs of Love and Hate,감독명,사우라브 기미어,Saurav Ghimire
올해의 산 : 히말라야 - 네팔 Guest Country : Himalaya - NEPAL,GC,사랑과 미움의 세레나데,Songs of Love and Hate,바이오,"픽션과 다큐멘터리를 결합해 시적인 영화 세계를 창조하는 네팔의 오디오 비주얼 아티스트. 기록 영상과 현장 영상, 인터뷰, 노래와 시를 엮어 사랑, 정치, 문화, 역사의 사회적 의미를 사유하고 탐구한다.","Saurav Ghimire is a Nepali audiovisual artist blending fiction and documentary to forge poetic cinematic spaces. He weaves archival and live footage, interviews, songs, and poetry to explore love, politics, culture, and history, always aware of their social context."
올해의 산 : 히말라야 - 네팔 Guest Country : Himalaya - NEPAL,GC,사랑과 미움의 세레나데,Songs of Love and Hate,영화정보,Nepal | 2024 | 17min | B&W | Docufiction | Korean Premiere,
올해의 산 : 히말라야 - 네팔 Guest Country : Himalaya - NEPAL,GC,증인 나무,The Witness Tree,작품명,증인 나무,The Witness Tree
올해의 산 : 히말라야 - 네팔 Guest Country : Himalaya - NEPAL,GC,증인 나무,The Witness Tree,시놉시스,"아버지의 자살을 알게 된 후 정체성에 혼란을 겪고 있는 스리다르는 엄마인 사비트리에게 출생의 비밀을 밝혀달라며 성인식에서 도망친다. 사비트리는 고통스러운 진실로부터 아들을 지키고 싶으면서도, 아들에게 솔직하고 싶기도 하다. 남편이 목숨을 끊은 나무는 여전히 남아있고, 그 나무는 비밀을 쥔 채 위협이 되는 시아버지와 과거의 기억을 떠올리게 한다.","Sabitri takes her son Sridhar, who is questioning his own identity after the discovery of his father’s suicide, on a coming-of-age ritual. However, Sridhar runs away and demands his mother to reveal the secret of his origin. She wants to protect her son from the painful truth but also wants to be honest with him, but the tree where her husband hanged himself still stands, reminding her of the past and her father-in-law who holds the secret and poses a threat."
올해의 산 : 히말라야 - 네팔 Guest Country : Himalaya - NEPAL,GC,증인 나무,The Witness Tree,프로그램 노트,<증인 나무>는 한 청년이 가문의 다음 세대로서 성인식을 치르는 종교의식의 이야기이자 가족의 비밀을 밝히기 위해 고군분투하는 이야기이다.,"The Witness Tree is the story of the religious rite performed for the initiation of a young man into the next generation of the family, and the story of his struggle to reveal a family secret."
올해의 산 : 히말라야 - 네팔 Guest Country : Himalaya - NEPAL,GC,증인 나무,The Witness Tree,노트 작성자,감독 니란잔 라즈 비일,"Niranjan Raj Bhetwal, Director"
올해의 산 : 히말라야 - 네팔 Guest Country : Himalaya - NEPAL,GC,증인 나무,The Witness Tree,감독명,니란잔 라즈 비일,Niranjan Raj Bhetwal
올해의 산 : 히말라야 - 네팔 Guest Country : Himalaya - NEPAL,GC,증인 나무,The Witness Tree,바이오,"카트만두를 중심으로 활동 중인 재능 있는 네팔 영화감독. 네팔의 목소리와 문화를 진정성 있게 묘사하는 그의 작품은 가족, 마술적 사실주의, 영적인 인물과 같은 주제로 정체성과 사회에 대한 통찰을 보여준다.","Niranjan Raj Bhetwal is a talented Nepali filmmaker based in Kathmandu. Passionate about authentically portraying Nepali voices and culture, his films explore themes such as family, magical realism, and spiritually grounded characters, offering thoughtful insights into identity and society."
올해의 산 : 히말라야 - 네팔 Guest Country : Himalaya - NEPAL,GC,증인 나무,The Witness Tree,영화정보,"Nepal, USA | 2023 | 15min | Color | Fiction | None Premiere",
올해의 산 : 히말라야 - 네팔 Guest Country : Himalaya - NEPAL,GC,다이버시티 플라자,Diversity Plaza,작품명,다이버시티 플라자,Diversity Plaza
올해의 산 : 히말라야 - 네팔 Guest Country : Himalaya - NEPAL,GC,다이버시티 플라자,Diversity Plaza,시놉시스,"네팔, 티베트, 부탄에서 최근 미국으로 이주해 온 이민자들은 퀸즈 잭슨 하이츠에서 자신들만의 미국을 한 조각 빚어냈다. 미국과 그들이 떠나온 샹그릴라 고향이 포개져 모모, 달밧, 에마 다시 같은 음식을 파는 식당과 불교사원, 힌두 사원이 어우러지고, 사람을 대하는 그들만의 방식으로 채워진 이곳은 가히 히말라야의 소용돌이라 부를 만하다. 커져가는 편협과 배타의 목소리에 맞서 이 디아스포라 공동체는 다양성의 상징을 보여준다.","One of America’s more recent immigrants, the Nepali, Tibetan and Bhutanese, have shaped a piece of America in their own image in Jackson Heights, Queens. The result is a Himalayan vortex, America and the shangrilaic home they left behind, replete with momo, dal bhat and ema datse eateries, Buddhist monasteries and Hindu temples, and a way of caring for their fellow men and women. The diasporic community presents  a brand of diversity against the clamour for greater insularity and exclusionism."
올해의 산 : 히말라야 - 네팔 Guest Country : Himalaya - NEPAL,GC,다이버시티 플라자,Diversity Plaza,프로그램 노트,다양한 히말라야 사람들이 그들의 가장 자연스러운 모습대로 미국 사회에 녹아드는 모습을 보여주고자 한다.,The film seeks to show the varied Himalayan peoples in their “natural” mode of integrating to America.
올해의 산 : 히말라야 - 네팔 Guest Country : Himalaya - NEPAL,GC,다이버시티 플라자,Diversity Plaza,노트 작성자,"감독 케상 체텐
프로듀서 시에나 R. 크레이그","Kesang Tseten, Director
Sienna R. craig, Producer"
올해의 산 : 히말라야 - 네팔 Guest Country : Himalaya - NEPAL,GC,다이버시티 플라자,Diversity Plaza,감독명,케상 체텐,Kesang Tseten
올해의 산 : 히말라야 - 네팔 Guest Country : Himalaya - NEPAL,GC,다이버시티 플라자,Diversity Plaza,바이오,"25년 이상 네팔 사회와 문화를 주제로 영화를 만들어 왔다. 네팔에서 가장 크고 오래된 축제를 비롯해, 개발과 변화, 걸프 지역으로의 노동 이주, 영국군 구르카 연대와 관련된 이야기 등을 다뤘다.","Kesang Tseten has been making films about Nepali society and culture for more than 25 years, on topics such as Nepal’s biggest and longest cultural festival; development and change, migration of Nepali workers to the Gulf region and, formerly, as Gurkha soldiers to the British army."
올해의 산 : 히말라야 - 네팔 Guest Country : Himalaya - NEPAL,GC,다이버시티 플라자,Diversity Plaza,영화정보,Nepal | 2023 | 69min | Color | Documentary | Korean Premiere,
인간 Human,HM,서부로 가다!,Go West,작품명,서부로 가다!,Go West
인간 Human,HM,서부로 가다!,Go West,시놉시스,"서부극을 풍자한 버스터 키튼의 작품. 친구 하나 없는 떠돌이가 ‘브라운 아이즈’라는 암소와 친구가 되어 함께 가축 수송 열차를 타고 목장으로 향한다. 도적들이 습격해 오자 그는 암소를 구해내고, 두 친구는 자동차 뒤 칸에 앉아 석양 속으로 사라진다.","Buster burlesques the Western in this comedy about a friendless drifter who befriends a cow named Brown Eyes and accompanies her on the cattle train to the stockyards. When rustlers attack, he saves her, and the two of them ride off into the sunset in the back of a motor car!"
인간 Human,HM,서부로 가다!,Go West,프로그램 노트,"감독의 장기인 슬랩스틱 코미디와 웃음기 없는 표정은, 애리조나 사막과 목장의 현실감 넘치는 로케이션 촬영을 바탕으로 전통 서부극을 유쾌하게 풍자하며 다시 한번 빛을 발한다.","The director’s trademark slapstick comedy and stone-faced expression shine once more, playfully parodying the classic Western against the realistic backdrop of the Arizona desert and a ranch."
인간 Human,HM,서부로 가다!,Go West,노트 작성자,프로그래머 이정진,"Jinna Lee, Programmer"
인간 Human,HM,서부로 가다!,Go West,감독명,버스터 키튼,Buster Keaton
인간 Human,HM,서부로 가다!,Go West,바이오,"무성영화계 ‘위대한 무표정’으로 불린 미국의 코미디언이자 감독. 특유의 무표정한 얼굴과 죽음을 무릅쓰는 상상초월의 스턴트로 시각 코미디의 거장으로 자리매김했다. 대표작으로는 <셜록 2세>, <장군>, <스팀보트 빌 주니어> 등이 있다.","An American film comedian and director, known as the “Great Stone Face” of the silent screen. Keaton’s distinctive deadpan expression and imaginative, death-defying stunts set him apart as a virtuoso of visual comedy. His notable films include Sherlock, Jr., The General, and Steamboat Bill, Jr.."
인간 Human,HM,서부로 가다!,Go West,영화정보,USA | 1925 | 83min | B&W | Fiction | None Premiere,
인간 Human,HM,그해 겨울은 따뜻했네,Warm It Was That Winter,작품명,그해 겨울은 따뜻했네,Warm It Was That Winter
인간 Human,HM,그해 겨울은 따뜻했네,Warm It Was That Winter,시놉시스,"6.25 전쟁으로 부모를 잃은 수지와 오목은 오빠 수철과 외가에 얹혀 산다. 피난길에서 수지는 동생을 잃고, 세월이 흐른 뒤 상류층이 된 수지는 죄책감에 오목을 찾지만 확인을 거부한다. 고아원 출신 일환과 결혼한 오목은 고생 끝에 세상을 떠나고, 수지는 비로소 진실을 깨닫는다.","During the Korean War, Su-ji and Oh-mok lose their parents and live off their maternal relatives with their older brother, Su-cheol. On the road as refugees, Su-ji loses her younger sister. Years later, having risen to the upper class, she tries to find Oh-mok out of guilt, but ultimately denies the truth. Meanwhile, Oh-mok, who marries Il-hwan, an orphan, endures a life of hardship and eventually passes away. Only then does Su-ji finally come to terms with the truth."
인간 Human,HM,그해 겨울은 따뜻했네,Warm It Was That Winter,프로그램 노트,"배창호 감독의 이 영화는, 1984년에만 두 편을 연출할 정도의 열정과 매 장면 공들여 찍는 섬세한 장인 정신, 그리고 배우들의 최고의 연기를 끌어내는 연출력, 게다가 현장감 넘치는 로케이션 촬영이 어우러진 작품이다.","Director Bae Chang-ho’s film is a work that blends the fiery passion behind directing two movies in a single year, the meticulous craftsmanship evident in every shot, the directorial skill that draws out the actors’ finest performances, and the immersive realism of on-location shooting."
인간 Human,HM,그해 겨울은 따뜻했네,Warm It Was That Winter,노트 작성자,프로그래머 이정진,"Jinna Lee, Programmer"
인간 Human,HM,그해 겨울은 따뜻했네,Warm It Was That Winter,감독명,배창호,Bae Chang-ho
인간 Human,HM,그해 겨울은 따뜻했네,Warm It Was That Winter,바이오,"1982년 <꼬방동네 사람들>로 데뷔해 <적도의 꽃>, <고래사냥>등 흥행작으로 상업 영화감독 입지를 다졌다. 이후 <젊은 남자>로 다시 성공했으며, <러브 스토리>, <정>, <흑수선>등 다양한 작품을 통해 사랑과 휴머니즘을 담아냈다.","Bae Chang-ho made his directorial debut with People in the Slum in 1982, establishing himself in commercial cinema with box-office hits such as The Flower on the Equator and Whale Hunting. He later returned to success with The Young Man and went on to explore themes of love and humanity through numerous works, including Love Story, My Heart and The Last Witness."
인간 Human,HM,그해 겨울은 따뜻했네,Warm It Was That Winter,영화정보,Korea | 1984 | 121min | Color | Fiction | None Premiere,
인간 Human,HM,누룩,The Yeast,작품명,누룩,The Yeast
인간 Human,HM,누룩,The Yeast,시놉시스,"성격도 성적도 빼어난 열여덟 다슬은 막걸리를 유난히 사랑한다. 다슬의 양조장은 전통 방식을 고수하며, 마을에서 맛으로 평이 자자하다. 비밀은 바로 출처 불명의 누룩. 그런데 어느 날, 다슬이 전과 전혀 다른 사람이 되어버린다. 생기와 특유의 발랄함을 잃은 다슬은 ‘누룩이 사라졌다’며 앓아 눕는다. 그러나 누구도 그녀의 말을 믿어주지 않고, 다슬은 홀로 사라진 누룩을 찾아 나선다.","18-year-old Da-seul who excels in both personality and academics has a deep love for makgeolli. Her brewery, known for sticking to traditional brewing methods, is renowned throughout the village for its rich flavor. Its secret lies in a mysterious yeast. But one day, Da-seul is no longer herself. She loses her energy and signature cheerfulness, claiming that the yeast has disappeared. No one believes her, so she sets out alone in search of the missing yeast."
인간 Human,HM,누룩,The Yeast,프로그램 노트,"<누룩>은 다슬의 믿음을 형상화한 영화입니다. 어린 시절, 양조장에서 발견된 출처를 알 수 없는 누룩과 그 특별함을 굳게 믿는 다슬. 영화는 그런 다슬을 바라보는 주변의 반응과 누룩이 사라진 뒤 흔들리는 다슬의 내면을 따라갑니다.",The Yeast embodies Da-seul's belief in the special nature of a mysterious yeast she found in a brewery as a child. This film follows the reactions of those around her and the way her inner world begins to waver after the yeast disappears.
인간 Human,HM,누룩,The Yeast,노트 작성자,감독 장동윤,"Jang Dong-yoon, Director"
인간 Human,HM,누룩,The Yeast,감독명,장동윤,Jang Dong-yoon
인간 Human,HM,누룩,The Yeast,바이오,"2016년 배우로 데뷔한 이래 <뷰티풀 데이즈>, 「녹두전」, 「악마들」, 「모래에도 꽃이 핀다」, 「정신병동에도 아침이 와요」 등 영화와 드라마를 넘나들며 다양한 연기 활동을 하고 있다. <누룩>은 직접 각본과 연출을 맡은 첫 장편영화이다.","Since his debut as an actor in 2016, he has appeared in a wide range of films and TV series, including Beautiful Days, KBS’s The Tale of Nokdu, Devils, ENA’s Like Flowers in Sand, and Netflix’s Daily Dose of Sunshine. The Yeast is his first feature as both screenwriter and director."
인간 Human,HM,누룩,The Yeast,영화정보,Korea | 2024 | 84min | Color | Fiction | None Premiere,
인간 Human,HM,돈,The Money,작품명,돈,The Money
인간 Human,HM,돈,The Money,시놉시스,"봉수는 가난한 농부로 딸의 혼례도 미룬 채 살아간다. 돈을 벌기 위해 소를 팔아 장사에 나섰지만 사기당하고, 옥경을 해치려는 억조와 몸싸움 끝에 그를 죽인다. 옥경과 영호는 누명을 쓰고 기차에 실려 가고, 봉수는 기차를 쫓으며 자백한다.","Bong-su is a farmer who has postponed his daughter's wedding due to poverty. Hoping to earn money, he sells his cow and starts a business, but is swindled. In a struggle to protect Ok-gyeong from Eok-jo’s assault, he ends up killing Eok-jo. Ok-gyeong and Young-ho are falsely accused and taken away by train, and Bong-su confesses as he chases after the train."
인간 Human,HM,돈,The Money,프로그램 노트,"1960년대 산업사회로의 진입 직전 농촌에 스며든 자본주의의 생생한 현실을 담아낸, 한국 리얼리즘 영화의 대표작으로, 국가등록문화유산에 등재되었다. 영화 마지막에 등장하는 김승호의 프리즈 클로즈업 외에도, 최은희·김진규·최남현·황정순 등 당대 연기파 배우들의 생생한 연기를 리마스터링 버전으로 감상할 수 있는 생생한 기회이다.","This film, designated as a National Registered Cultural Heritage, is a quintessential work of Korean realism that vividly portrays the rural realities on the eve of the 1960s industrial era’s capitalist influx. Beyond the iconic freeze-frame close-up of Kim Seung-ho at the film’s conclusion, the remastered version offers a vivid opportunity to witness the performances of era-defining actors such as Choi Eun-hee, Kim Jin-kyu, Choi Nam-hyeon, and Hwang Jeong-sun."
인간 Human,HM,돈,The Money,노트 작성자,프로그래머 이정진,"Jinna Lee, Programmer"
인간 Human,HM,돈,The Money,감독명,김소동,Kim So-dong
인간 Human,HM,돈,The Money,바이오,"1947년 한국 최초의 16mm 발성영화 <목단등기>로 감독 데뷔했으며, <왕자 호동과 낙랑공주>, <돈>, <아리랑>등으로 주목받았다. 1960년 한양대에 국내 최초 영화학과를 창설해 영화 교육에도 큰 공헌을 남겼다.","He made his debut with Mok-Dan Ghost Story(1947), the first Korean film shot on 16mm with synchronized sound. He later gained recognition for works such as Prince Ho-Dong and Princess Nak-Rang, The Money, and Arirang. He greatly contributed to film education by establishing Korea's first film department at Hanyang University in 1960."
인간 Human,HM,돈,The Money,영화정보,Korea | 1958 | 123min | B&W | Fiction | None Premiere,
인간 Human,HM,생명의 은인,SAVE,작품명,생명의 은인,SAVE
인간 Human,HM,생명의 은인,SAVE,시놉시스,보육원 퇴소를 앞둔 어느 날 죽을병에 걸렸다며 찾아온 나의 생명의 은인. 목숨값으로 내 전 재산 정착 지원금 500만 원을 요구한다. “당신은 진짜 나의 생명의 은인입니까? 아니면 사기꾼입니까?”,"One day, before I was about to leave the orphanage, my lifesaver came to me, saying she was terminally ill. She demanded $4,000 in settlement support, my entire fortune, in exchange for my life. “Are you really my lifesaver? Or are you a fraud?”"
인간 Human,HM,생명의 은인,SAVE,프로그램 노트,운명적 사건으로 맺어진 특별한 인연의 실타래를 풀어가며 진정한 가족의 의미를 묻고 싶다.,"Unleash the thread of a special relationship formed by a fateful event, I want to ask the meaning of family."
인간 Human,HM,생명의 은인,SAVE,노트 작성자,감독 방미리,"Bang Mi-ri, Director"
인간 Human,HM,생명의 은인,SAVE,감독명,방미리,Bang Mi-ri
인간 Human,HM,생명의 은인,SAVE,바이오,"서강대학교 신문방송학과와 한국예술종합학교 영화과 전문사를 졸업했다. 웹 예능 PD로 활동 중이며, 동시에 영화 작업을 이어가고 있다. 단편 영화 <초록을 잊은 정원에게>를 연출했다.","She graduated from Sogang University’s Department of Journalism and Broadcasting and K-ARTS Department of Film. She directed short films such as For, Rest."
인간 Human,HM,생명의 은인,SAVE,영화정보,Korea | 2025 | 113min | Color | Fiction | None Premiere,
인간 Human,HM,정글 스토리,Jungle Story,작품명,정글 스토리,Jungle Story
인간 Human,HM,정글 스토리,Jungle Story,시놉시스,"록커를 꿈꾸며 상경한 도현은 낙원상가에 취직하고 밴드 선배들과 교류하며 음악 활동을 시작한다. 매니저 지우의 도움으로 밴드를 꾸린 도현은 비닐하우스에서 연습에 매진하고, 마침내 첫 라이브 콘서트를 연다.","Coming to Seoul with the dream of becoming a rocker, Do-hyun gets a job at the Nakwon Music Arcade and begins his musical journey while interacting with senior band members. With the help of manager Ji-woo, he forms a band and devotes himself to practice in a vinyl greenhouse. Eventually, he holds his first concert."
인간 Human,HM,정글 스토리,Jungle Story,프로그램 노트,"감독은 두 번째 연출작임에도 불구하고, 손쉬운 대중영화의 클리셰를 과감히 버리고, 다큐멘터리처럼 YB의 실제 공연과 연습 장면을 따라가는 카메라 연출을 시도했다. 영화의 주무대인 과거 낙원상가의 모습과 풋풋한 윤도현을 비롯한 YB, 김창완의 연기는 90년대에 청춘을 보낸 관객에게 신선한 향수를 불러일으키며, 故 신해철의 음악은 여전히 매력적이다.","Even in his second directorial effort, the filmmaker boldly abandons the easy clichés of the band–rise narrative and opts for documentary-style camerawork that follows YB’s live performances and rehearsal sessions. The depiction of the old Nakwon Arcade and the fresh portrayals by YB members, especially Yoon Do-hyun and Kim Chang-wan evoke a novel nostalgia for viewers who came of age in the ’90s, while the late Shin Hae-chul’s music remains as innovative as ever."
인간 Human,HM,정글 스토리,Jungle Story,노트 작성자,프로그래머 이정진,"Jinna Lee, Programmer"
인간 Human,HM,정글 스토리,Jungle Story,감독명,김홍준,Kim Hong-joon
인간 Human,HM,정글 스토리,Jungle Story,바이오,"1956년 출생. 한국영상자료원장, 한국예술종합학교 영상원 명예교수다. 임권택 감독의 연출부로 시작해 <장미빛 인생>으로 감독 데뷔하였고, 청룡영화상 신인감독상을 받았다. 이후 <정글 스토리>를 연출했다.","Born in 1956. Director of the Korean Film Archive and honorary professor at the K-ARTS. Starting with director Im Kwon-taek's directing team, he made his directorial debut with Rosy Life. Rosy Life won the Best New Director Award at the 15th Blue Dragon Awards. After that, he directed Jungle Story."
인간 Human,HM,정글 스토리,Jungle Story,영화정보,Korea | 1996 | 87min | Color | Fiction | None Premiere,
인간 Human,HM,"직사각형, 삼각형","Rectangle, Triangle",작품명,"직사각형, 삼각형","Rectangle, Triangle"
인간 Human,HM,"직사각형, 삼각형","Rectangle, Triangle",시놉시스,"다 같이 사이좋고 행복해 보이기만 하는 가족 모임입니다. 이런저런 농담으로 시작한 이야기들은 점차 해묵은 갈등으로 번집니다. 다들 잘 지내보고자 풀어보고자 하는 대화들이 점점 꼬여가고 풀리기 어려워 보입니다. 겨우 평화로워진 듯한 가족은 옆집 부부와 시비가 붙으면서 금세 똘똘 뭉친 한 가족이 됩니다. 직사각형, 삼각형이 지금까지의 이야기들을 은유하듯이 카메라에 남습니다.","It seems like a harmonious and happy family gathering. The conversations, which start with various jokes, gradually turn into old conflicts. As everyone tries to resolve and improve their relationships, the discussions become more tangled and difficult to unravel. Just when the family appears to have found peace, they unite against a conflict with the neighbors, becoming a closely-knit group. “Triangles and Rectangles” are captured on camera, metaphorically representing the unfolding stories."
인간 Human,HM,"직사각형, 삼각형","Rectangle, Triangle",프로그램 노트,"2024년, 세대가 다른 네 부부가 술 마시며 수다를 하는데 현대 사회의 생각 차이와 갈등을 엿볼 수 있고, 그들의 서로 통하지 않는 대화들로 우리가 얼마나 남의 말과 생각을 듣지 못하는지 볼 수 있다. 직사각형, 삼각형으로 보는 것처럼 완전히 서로 다르게 보는 우리를 엿볼 수 있다. 그 작은 공간에서 8명의 배우들의 연기 향연을 즐길 수 있다.","In 2024, four couples from different generations are drinking and chatting, revealing the differences in thoughts and conflicts among couples in modern Korean society. Through their disjointed conversations, we can see how much we fail to listen to others' words and thoughts. It's like looking at (triangles and rectangles), seeing things completely differently. You can enjoy the performances of the eight actors in that small place."
인간 Human,HM,"직사각형, 삼각형","Rectangle, Triangle",노트 작성자,감독 이희준,"Lee Hee-jun, Director"
인간 Human,HM,"직사각형, 삼각형","Rectangle, Triangle",감독명,이희준,Lee Hee-jun
인간 Human,HM,"직사각형, 삼각형","Rectangle, Triangle",바이오,1979년 대구에서 태어나 한국예술종합학교를 졸업했다.,"Born in 1979 in Daegu, South Korea, and graduated from the K-ARTS."
인간 Human,HM,"직사각형, 삼각형","Rectangle, Triangle",영화정보,Korea | 2025 | 46min | Color | Fiction | None Premiere,
인간 Human,HM,월드 프리미어,World Premiere,작품명,월드 프리미어,World Premiere
인간 Human,HM,월드 프리미어,World Premiere,시놉시스,노정현 감독의 장편영화 <사람의 보풀>이 촬영 후 6년 만에 영화제에서 첫 상영을 앞두고 있다.,"Director Noh Jung-hyun’s feature film Fluff of a Person  is set to premiere at a film festival, 6-years after it was originally filmed."
인간 Human,HM,월드 프리미어,World Premiere,프로그램 노트,"스크린이 아니어도 월드 프리미어는 존재한다. 동료의 노트북 화면에서, 가족과 함께한 거실 TV에서, 혼자 좁은 방 한구석에서.","A world premiere doesn’t have to happen on a big screen. It might unfold on a colleague’s laptop, on a TV surrounded by family, or in the quiet solitude of a small room, with only you as its audience."
인간 Human,HM,월드 프리미어,World Premiere,노트 작성자,감독 김선빈,"Kim Seon-been, Director"
인간 Human,HM,월드 프리미어,World Premiere,감독명,김선빈,Kim Seon-been
인간 Human,HM,월드 프리미어,World Premiere,바이오,"1997년생. 단편영화 <수능을 치려면>, <소녀탐정 양수린> 등을 연출했다.","Born in 1997, they directed the short films Free-Zombie Test Day and Searching For Mom's Boyfriend."
인간 Human,HM,월드 프리미어,World Premiere,영화정보,Korea | 2025 | 34min | Color | Fiction | None Premiere,
"헬로, 트렌토! Hello, Trento!",HT,트렌티노의 파수꾼들,Border Farmers,작품명,트렌티노의 파수꾼들,Border Farmers
"헬로, 트렌토! Hello, Trento!",HT,트렌티노의 파수꾼들,Border Farmers,시놉시스,"트렌티노와 남티롤(이탈리아 북부) 사이의 행정적, 언어적 경계에 인접한 발 디 논과 발 디 피엠메의 일부 마을에서는 집약적인 단일 작물 재배지나 방치된 지역과는 차별화된 고유한 고산 지형의 특징을 보여준다. 이는 땅을 일구고, 들판을 베며, 목초지를 돌보고, 지역 낙농장에 우유를 공급하며 가축을 기르는 농부들의 노고 덕분이다.","In some villages of the Val di Non and Val di Fiemme, close to the administrative and linguistic border between Trentino and Südtirol (North Italy), the alpine landscape presents characteristics that differentiate it from those of intensive monoculture or abandonment. This is due to the work of farmers who take care of the land, cut the meadows, manage the pastures and raise the livestock, delivering the milk to local dairies."
"헬로, 트렌토! Hello, Trento!",HT,트렌티노의 파수꾼들,Border Farmers,프로그램 노트,접경 지역의 농부들은 활기차고 지속 가능한 풍경을 만들어내는 건축가다. 또한 협업을 통해 고품질의 유제품을 생산한다. 잠시 시간을 내어 그들의 이야기에 귀 기울여 보자.,"The farmers in a border region are architects of a vibrant, sustainable landscape. Through their collaboration, they bring forth high-quality dairy products. Let’s take a moment to listen to their story!"
"헬로, 트렌토! Hello, Trento!",HT,트렌티노의 파수꾼들,Border Farmers,노트 작성자,감독 미칼레 트렌티니,"Michele Trentini, Director"
"헬로, 트렌토! Hello, Trento!",HT,트렌티노의 파수꾼들,Border Farmers,감독명,미칼레 트렌티니,Michele Trentini
"헬로, 트렌토! Hello, Trento!",HT,트렌티노의 파수꾼들,Border Farmers,바이오,"트렌토대학교와 드레스덴대학교에서 사회학을 전공했다. 민족지학과 시각 인류학의 방법론을 바탕으로 연구를 수행하며, 인간과 동물, 산악 환경 간의 관계를 다룬 다수의 다큐멘터리를 제작해 왔다.","Michele Trentini graduated in sociology from the Universities of Trento and Dresden. He conducts research using the methods of ethnography and visual anthropology. He has made several documentaries on the relationship between humans, animals and mountain landscape."
"헬로, 트렌토! Hello, Trento!",HT,트렌티노의 파수꾼들,Border Farmers,영화정보,Italy | 2024 | 72min | Color | Documentary | Asian Premiere,
"헬로, 트렌토! Hello, Trento!",HT,존중의 굴레,Rispet,작품명,존중의 굴레,Rispet
"헬로, 트렌토! Hello, Trento!",HT,존중의 굴레,Rispet,시놉시스,"어느 산골 마을 사람들이 서로를 아끼고 보호하는 하나의 대가족이 되기로 맹세한다. 그러나 존중의 규칙이 무너져버리고, 그들에게 더 이상 선택의 여지는 없다. 싸우거나, 사랑하거나, 아니면 떠나는 수밖에.","The residents of a mountain village swear they are one big family, caring and protective of one another. But when the rules of respect are (finally) broken, they have no choice but to fight, love, or leave."
"헬로, 트렌토! Hello, Trento!",HT,존중의 굴레,Rispet,프로그램 노트,"트렌티노의 작은 마을에서 나고 자라며, 때로는 비극적 결과를 낳기도 하는 ‘리스페트’ 정신을 몸소 겪어왔다. 성인이 된 후에도 나는 산골 마을의 삶을 선택했다. 이 영화는 그곳을 향한 혐오가 아니라 여전히 나의 집인 그 현실에 대한 사랑의 표현이다.","I was born and raised in a small town in Trentino and experienced firsthand the “rispet” mentality, with its sometimes tragic consequences. As an adult, I chose to continue living in a mountain village. This film is my act of love, not contempt, for the reality that remains my home."
"헬로, 트렌토! Hello, Trento!",HT,존중의 굴레,Rispet,노트 작성자,감독 체칠리아 보짜 볼프,"Cecilia Bozza Wolf, Director"
"헬로, 트렌토! Hello, Trento!",HT,존중의 굴레,Rispet,감독명,체칠리아 보짜 볼프,Cecilia Bozza Wolf
"헬로, 트렌토! Hello, Trento!",HT,존중의 굴레,Rispet,바이오,1989년 이탈리아 트렌토 출생. 2012년 파도바대학교 예술음악공연학과를 졸업했다. 아르테 셀라와 파르코 시구르타 공원의 공식 영상 작가이며 <존중의 굴레>는 그녀의 장편 데뷔작이다.,"Cecilia Bozza Wolf was born in 1989 in Trento (Italy). In 2012 she graduated in Art, Music and Drama at the University of Padua. She is the official videomaker of Arte Sella and Parco di Sigurtà. Rispet is her debut feature film."
"헬로, 트렌토! Hello, Trento!",HT,존중의 굴레,Rispet,영화정보,"Italy, Germany | 2023 | 106min | Color | Fiction | International Premiere",
"헬로, 트렌토! Hello, Trento!",HT,마터호른 - 리옹 리지,MATTERHORN – The Lion Ridge,작품명,마터호른 - 리옹 리지,MATTERHORN – The Lion Ridge
"헬로, 트렌토! Hello, Trento!",HT,마터호른 - 리옹 리지,MATTERHORN – The Lion Ridge,시놉시스,이탈리아의 등반가 에르베 바르마세와 함께 알프스 루트의 여왕이라 불리는 리옹 리지를 따라 마터호른 정상까지 숨 막히는 여정을 떠나보자. 장엄한 풍경과 몰입도 높은 서사를 통해 마터호른 초등을 비롯한 산의 역사와 개척자들의 이야기가 펼쳐진다.,"Join Italian alpinist Hervé Barmasse on a breathtaking journey along the Lion Ridge, the queen of Alpine routes, to the summit of the Matterhorn. Through spectacular views and gripping storytelling, Barmasse explores the mountain’s history, including its first ascent, and shares tales of its pioneers."
"헬로, 트렌토! Hello, Trento!",HT,마터호른 - 리옹 리지,MATTERHORN – The Lion Ridge,프로그램 노트,"영화는 화자인 산악 가이드 에르베 바르마세가 험준한 이탈리아의 리옹 리지를 따라 마터호른을 한 걸음 한 걸음 오르는 여정을 따라간다. 그는 관객을 4,478m 정상으로 안내하며 산의 초등에 얽힌 극적인 역사와 전설적인 인물들의 이야기를 들려준다. 또한 이탈리아 쪽에서 본 거칠고 웅장한 마터호른의 모습을 소개한다.","This film follows alpine guide and storyteller Hervé Barmasse on a step-by-step ascent of the Matterhorn via the challenging Italian Lion Ridge. He guides viewers to the 4,478m summit while exploring the dramatic history of the mountain's first ascent and sharing tales of its legendary protagonists. The film showcases the mountain's rugged, imposing face from the Italian side."
"헬로, 트렌토! Hello, Trento!",HT,마터호른 - 리옹 리지,MATTERHORN – The Lion Ridge,노트 작성자,"감독 알레산드로 벨트라메
출연자 에르베 바르마세","Alessandro Beltrame, Director
Hervé Barmasse, Cast"
"헬로, 트렌토! Hello, Trento!",HT,마터호른 - 리옹 리지,MATTERHORN – The Lion Ridge,감독명,알레산드로 벨트라메,Alessandro Beltrame
"헬로, 트렌토! Hello, Trento!",HT,마터호른 - 리옹 리지,MATTERHORN – The Lion Ridge,바이오,"AGB 스튜디오의 대표. 등산, 암벽·빙벽 등반, 동굴 탐험, 자전거, 다이빙, 알파인 스키를 즐긴다. 오랜 기간 촬영 감독이자 작가로, 전 세계 기관과 방송사, 원정대, 다큐멘터리 작품을 100편 이상 제작해왔다.","Alessandro Beltrame, owner of AGB studio video practices mountaineering, rock and ice climbing, speleology, biking, diving and alpine skiing. Long-experienced cameraman and author, he has produced over a hundred works for institutions, TV networks, expeditions, and documentaries worldwide."
"헬로, 트렌토! Hello, Trento!",HT,마터호른 - 리옹 리지,MATTERHORN – The Lion Ridge,영화정보,Italy | 2021 | 35min | Color | Documentary | Asian Premiere,
"헬로, 트렌토! Hello, Trento!",HT,셋타 렛다스트!,Þetta Reddast,작품명,셋타 렛다스트!,Þetta Reddast
"헬로, 트렌토! Hello, Trento!",HT,셋타 렛다스트!,Þetta Reddast,시놉시스,"<셋타 렛다스트!>는 아이슬란드의 거친 자연을 가로지르는 이탈리아 산악인 타마라 룽게와 그녀의 아버지를 따라간다. 숨 막힐 듯 아름다운 영상과 개인적인 성찰이 어우러진 이 다큐멘터리는 타마라의 회복력과 산악인으로서의 업적을 조명하며 좌절을 헤쳐나가는 정서적 여정을 보여준다. 아이슬란드의 예측 불가능한 자연을 마주하며, 타마라는 불확실함 속에서도 믿음을 잃지 않는 마음가짐, ‘셋타 렛다스트’의 정신을 가슴에 품는다. 삶의 혹독한 환경 속 자아 발견과 가족, 성장에 대한 강렬한 이야기.","Þetta Reddast follows Italian mountaineer Tamara Lunger and her father through Iceland’s wild landscapes. Blending breathtaking visuals with personal reflection, the documentary highlights Tamara’s resilience, her mountaineering career, and the emotional journey of navigating setbacks. As they face Iceland’s unpredictable nature, Tamara embraces the spirit of “Þetta reddast”, a mindset of trust amid uncertainty. A powerful story of self-discovery, family, and growth in life’s harshest conditions."
"헬로, 트렌토! Hello, Trento!",HT,셋타 렛다스트!,Þetta Reddast,프로그램 노트,"2021년 K2에서의 비극적인 겨울 원정 이후, 타마라는 산과의 인연을 끊었다. 치유와 자신감을 되찾기 위해, 그녀는 아버지와 함께 아이슬란드로 진심 어린 스키 등반 여정을 떠난다.","After the tragic winter expedition on K2 in 2021, Tamara lost her connection to the mountains. Seeking healing and confidence, she embarks on a heartfelt ski mountaineering journey with her father in Iceland."
"헬로, 트렌토! Hello, Trento!",HT,셋타 렛다스트!,Þetta Reddast,노트 작성자,출연자 타마라 룽게,"Tamara Lunger, Cast"
"헬로, 트렌토! Hello, Trento!",HT,셋타 렛다스트!,Þetta Reddast,감독명,발렌텐 라프,Valentin Rapp
"헬로, 트렌토! Hello, Trento!",HT,셋타 렛다스트!,Þetta Reddast,바이오,"알프스를 기반으로 활동하는 아웃도어 전문 영화감독 겸 사진작가. 그의 주요 목표 중 하나는 카메라 앞에 선 인물들의 생생한 감정을 포착하고, 사람들이 밖으로 나가 진정한 자연을 경험하도록 감명을 주는 것이다.","Valentin Rapp is a filmmaker and photographer based in the Alps, specialising in outdoor film production. One of his main goals is to always capture the raw feelings of the ones in front of the camera and inspire people to go out and experience real nature."
"헬로, 트렌토! Hello, Trento!",HT,셋타 렛다스트!,Þetta Reddast,영화정보,"Italy, Iceland | 2024 | 28min | Color | Documentary | International Premiere",
"헬로, 트렌토! Hello, Trento!",HT,"마놀로, 수직의 미학",Vertically Démodé,작품명,"마놀로, 수직의 미학",Vertically Démodé
"헬로, 트렌토! Hello, Trento!",HT,"마놀로, 수직의 미학",Vertically Démodé,시놉시스,"마우리치오 ‘마놀로’ 자놀라는 수년 전 발견했지만 오랫동안 도전조차 불가능하다고 생각했던 루트를 다시 찾아가며 자신의 동기와 감정을 이야기한다. ‘에터닛’이라 이름 붙인 이 루트는 그가 태어난 곳과 살아온 곳 사이의 잊혀진 외딴 산속, 시대에 뒤처진 듯한 작고 ‘수직적인’ 암벽에 숨겨져 있다.","Maurizio ‘Manolo’ Zanolla recounts his motivations and emotions as he rediscovers a route that he had identified many years before and which he had long thought impossible to confront. “Eternit”, it is hidden up there, in a solitary and forgotten environment of these mountains, small and “vertically démodé” halfway between the places where he was born and those where he lived."
"헬로, 트렌토! Hello, Trento!",HT,"마놀로, 수직의 미학",Vertically Démodé,프로그램 노트,수년 전 발견했지만 오랫동안 도전조차 불가능하다고 생각했던 루트를 다시 찾아 나선 마우리치오 ‘마놀로’ 자놀라는 자신의 동기와 감정을 되짚는다. 그의 말처럼 ‘단순한 스포츠가 아닌 창조적 예술’인 프리 클라이밍에 대한 헌사를 바치는 영화다.,"Maurizio ‘Manolo’ Zanolla recounts his motivations and emotions as he rediscovers a route he had identified many years earlier, which he had long thought impossible to confront. It is a tribute to free climbing, “not just a sport but a creative art”, as Manolo says."
"헬로, 트렌토! Hello, Trento!",HT,"마놀로, 수직의 미학",Vertically Démodé,노트 작성자,프로듀서 루카 비크,"Luca Bich, Producer"
"헬로, 트렌토! Hello, Trento!",HT,"마놀로, 수직의 미학",Vertically Démodé,감독명,다비데 카라리,Davide Carrari
"헬로, 트렌토! Hello, Trento!",HT,"마놀로, 수직의 미학",Vertically Démodé,바이오,"1984년부터 프리랜서 사진작가로 활동 중이다. 토리노, 밀라노, 로마에 사무실을 두고, 라바짜, 란치아, 로레알 등 국내외 유명 브랜드와 협업해 왔다. 2002년 첫 영화를 제작한 후 감독 겸 촬영 감독으로 단편 영화들과 아트 비디오, 광고를 제작했다.","Davide Carrari, freelance photographer since 1984, with offices in Turin, Milan and Rome, has worked for national and international clients such as Lavazza, Lancia, L’Oréal. In 2002 he produced his first film, and since then has made short films, art videos and commercials as director and director of photography."
"헬로, 트렌토! Hello, Trento!",HT,"마놀로, 수직의 미학",Vertically Démodé,영화정보,"Italy | 2012 | 19min | Color, B&W | Documentary | Korean Premiere",
국제경쟁 International Competition,IC,누군가 문을 두드릴 때,At the Door of the House Who Will Come Knocking,작품명,누군가 문을 두드릴 때,At the Door of the House Who Will Come Knocking
국제경쟁 International Competition,IC,누군가 문을 두드릴 때,At the Door of the House Who Will Come Knocking,시놉시스,"보스니아 헤르체고비나의 한가운데, 황혼기에 접어든 에민은 충실한 말과 함께 묵묵히 삶을 이어간다. 매서운 추위와 혹독한 환경 속에서도 그는 자연의 품에서 온기와 위안을 찾고, 오직 하나뿐인 진정한 벗과 고단함을 나누며 잠시나마 위로를 얻는다. 고독과 유대가 공존하는, 인간의 보편적 경험에 대한 이야기.","In the heart of Bosnia and Herzegovina, Emin, in his twilight years, toils alongside his faithful horse. Through bitter cold and harsh conditions, he seeks solace and warmth in nature’s embrace and finds fleeting comfort in sharing his burdens with his only true confidant. A story about man and grief as a universal human experience that can be both isolating and unifying."
국제경쟁 International Competition,IC,누군가 문을 두드릴 때,At the Door of the House Who Will Come Knocking,프로그램 노트,"상실과 자연, 기억을 섬세하게 성찰하는 이 영화는 보스니아 풍경의 거친 아름다움, 다시 말해 침묵과 그리움, 그리고 어울림이 깃든 장면을 통해 한 남자의 내면적 슬픔을 그려낸다.","A tender meditation on loss, nature, and memory, this film renders a man’s inner grief through the stark beauty of the Bosnian landscape, a soulscape of silence, longing, and belonging."
국제경쟁 International Competition,IC,누군가 문을 두드릴 때,At the Door of the House Who Will Come Knocking,노트 작성자,감독 마야 노바코비치,"Maja Novaković, Director"
국제경쟁 International Competition,IC,누군가 문을 두드릴 때,At the Door of the House Who Will Come Knocking,감독명,마야 노바코비치,Maja Novaković
국제경쟁 International Competition,IC,누군가 문을 두드릴 때,At the Door of the House Who Will Come Knocking,바이오,"세르게이 파라자노프의 작품을 연구하는 박사과정 수료생. 데뷔작 <그리고 저녁이 온다>는 풀프레임다큐멘터리영화제에서 수상하며 아카데미시상식 예선 자격을 얻고, 50여 개의 상을 받았다. 사라예보탤런츠 및 IDFA아카데미 출신이다.","Maja Novaković is a Ph.D. candidate studying Sergei Parajanov’s poetics of heritage. Her debut, Then Comes the Evening, won at Full Frame Documentary Festival, earning OSCAR® qualification and 50+ awards. She is a Sarajevo Talents and IDFAcademy alumna."
국제경쟁 International Competition,IC,누군가 문을 두드릴 때,At the Door of the House Who Will Come Knocking,영화정보,"Serbia, Bosnia and Herzegovina | 2024 | 85min | Color | Documentary | Asian Premiere",
국제경쟁 International Competition,IC,반다 루트키에비츠를 찾아서,The Last Expedition,작품명,반다 루트키에비츠를 찾아서,The Last Expedition
국제경쟁 International Competition,IC,반다 루트키에비츠를 찾아서,The Last Expedition,시놉시스,"지구상 가장 높은 봉우리에 오른 첫 번째 여성, 반다 루트키에비츠의 실제 이야기. 남성 중심의 세계에 뛰어든 그녀는 혹독한 대가를 치러야 했다. 등반가인 감독은 그녀의 발자취를 따라 히말라야로 향한다. 여정의 길잡이는 반다의 음성 기록. ""나는 아주 잘 알고 있다. 나에게 돌아갈 길은 없다는 것을"". 30년 전 실종된 그녀가 불교 사원에 있다는 소문이 있다. 영화는 라인홀트 메스너, 크시스토프 비엘리츠키, 카를로스 카르솔리오와 함께 반다의 삶과 미스터리를 추적한다.","The true story of Wanda Rutkiewicz, the first woman to climb the highest peaks on earth. Breaking into the male-dominated world, she paid a heavy price. The director, herself a climber, sets off to the Himalayas in her footsteps. The clue to the search is Wanda’s audio diary: ""I know perfectly well, that there's no way back for me"". Vanishing 30 years ago, rumours place her in a Buddhist monastery. The film, featuring climbers Reinhold Messner, Krzysztof Wielicki and Carlos Carsolio explores her life and mystery."
국제경쟁 International Competition,IC,반다 루트키에비츠를 찾아서,The Last Expedition,프로그램 노트,"반다가 실종된 지 25년째 되던 해, 그녀의 행방에 대한 새로운 가설이 언론에 돌기 시작했다. 산악인들이 티베트의 한 사원에서 반다를 봤다고 주장한 것이다. 이때 엘리자는 반다 루트키에비츠에 관한 다큐멘터리를 만들기로 결심했다.","On the 25th anniversary of Wanda's disappearance, new speculation began to circulate in the media about her whereabouts. Mountaineers claimed to see Wanda in a Tibetan monastery. At this point, Eliza decides to make the documentary about Wanda Rutkiewicz."
국제경쟁 International Competition,IC,반다 루트키에비츠를 찾아서,The Last Expedition,노트 작성자,세일즈 담당 안야 지에르스크,"Anja Dziersk, Sales Agent"
국제경쟁 International Competition,IC,반다 루트키에비츠를 찾아서,The Last Expedition,감독명,엘리자 쿠바르스카,Eliza Kubarska
국제경쟁 International Competition,IC,반다 루트키에비츠를 찾아서,The Last Expedition,바이오,"감독이자 등반가 겸 여행가. 바르샤바미술아카데미와 바이다영화학교를 졸업했으며 극한의 환경에서 촬영한 작품들을 비롯해 수상 경력에 빛나는 다큐멘터리들을 연출했다. 대표작으로는 <팜 섬에서 벌어진 일>, <워킹 언더 워터>, <하늘을 향한 여정, K2>가 있다.","Eliza is a director, alpinist and traveller. She graduated from the Academy of Fine Arts in Warsaw and Wajda Film School in Poland. Since 2004 she directed awarded documentary films, often produced in extreme locations: What happened on Pam Island, Walking Under Water and K2-Touching the Sky."
국제경쟁 International Competition,IC,반다 루트키에비츠를 찾아서,The Last Expedition,영화정보,"Poland, Switzerland | 2024 | 86min | Color, B&W | Documentary | Korean Premiere",
국제경쟁 International Competition,IC,사바나와 산,Savanna and the Mountain,작품명,사바나와 산,Savanna and the Mountain
국제경쟁 International Competition,IC,사바나와 산,Savanna and the Mountain,시놉시스,포르투갈 북부의 코바스 두 바로소 마을 주민들은 자신들의 집에서 불과 몇 미터 떨어진 곳에 영국 기업 사바나 리소스가 유럽 최대 규모의 노천 리튬 광산을 건설하려 한다는 사실을 알게 된다. 일촉즉발의 위기에 직면한 주민들은 스스로 조직을 꾸리고 이 기업을 그들의 땅에서 쫓아내기로 결심한다.,"The community of Covas do Barroso, in northern Portugal, discovers that the British company Savannah Resources plans to build the largest open-pit lithium mine in Europe just a few meters from their homes. Confronted by this imminent threat, the people decide to organize themselves and expel the company from their lands."
국제경쟁 International Competition,IC,사바나와 산,Savanna and the Mountain,프로그램 노트,저항의 몸짓을 탐구하는 영화. 거대 자본에 맞선 어느 마을의 허구적인 일상이자 정치적 무능에 맞선 집단적 투쟁의 반영. 어쩌면 영화는 자연을 통해 인간에게 돌아갈지도 모른다. 어쩌면 아닐 수도 있고.,"Exploring cinema as a gesture of resistance, a village’s fictional daily struggle against big capital, a mirror of our collective fight against deep political impotence. Perhaps cinema returns to people through nature. Perhaps not."
국제경쟁 International Competition,IC,사바나와 산,Savanna and the Mountain,노트 작성자,감독 파울로 카르네이루,"Paulo Carneiro, Director"
국제경쟁 International Competition,IC,사바나와 산,Savanna and the Mountain,감독명,파울로 카르네이루,Paulo Carneiro
국제경쟁 International Competition,IC,사바나와 산,Savanna and the Mountain,바이오,"1990년 리스본에서 태어나 폰티냐에서 자랐다. 칼다스다라이냐고등예술디자인학교에서 영상·음향을 전공하고 리스본영화연극학교와 제네바예술대학교에서 석사과정을 마쳤다. <북부 순환 도로>는 2022년 비종뒤릴에서, <사바나와 산>은 칸영화제 감독주간에서 첫 선을 보였다.","Born in Lisbon, 1990 and raised in Pontinha (suburbs). Graduated in Sound and Image from ESAD.CR and master from the National Film School (ESTC) and HEAD – Genève. Périphérique Nord  premieres at Visions du Réel ’22. Savanna and the Mountain premieres at Directors’ Fortnight."
국제경쟁 International Competition,IC,사바나와 산,Savanna and the Mountain,영화정보,"Portugal, Uruguay | 2024 | 78min | Color | Docufiction | None Premiere",
국제경쟁 International Competition,IC,샴발라,SHAMBHALA,작품명,샴발라,SHAMBHALA
국제경쟁 International Competition,IC,샴발라,SHAMBHALA,시놉시스,"네팔 히말라야의 일처다부제 마을. 결혼한 지 얼마 되지 않은 임산부 페마는 새로운 삶에 적응하려 애쓴다. 그러나 곧 그녀의 첫 번째 남편 타시가 라싸로 향하는 교역로에서 실종되고 만다. 페마는 자신의 또 다른 남편인 카르마와 함께 타시를 찾아 험난한 길을 떠나고, 점차 이 여정은 자아 발견과 해방의 여정으로 이어진다.","In a Himalayan polyandrous village in Nepal, newly married and pregnant Pema tries to make the best of her new life. But soon, her first husband Tashi vanishes on the trade route to Lhasa. Accompanied by her monk de facto husband, Karma, she embarks on a journey into the unforgiving wilderness to find him, evolving into a quest of self-discovery and liberation."
국제경쟁 International Competition,IC,샴발라,SHAMBHALA,프로그램 노트,"숨 막히도록 아름다운 히말라야를 가로지르며 관객을 가슴 뭉클한 여정으로 이끄는 <샴발라>는 형제혼이라는 독특한 관계 속에서 살아가는 한 여성의 삶을 따라간다. 대부분 현지 비전문 배우들이 출연하는 이 가슴 절절한 이야기는 해발 6,200미터 고지에서 사랑과 희생, 영성을 엮어낸다.","In SHAMBHALA, audiences embark on a heartfelt journey through the breathtaking Himalayas, exploring the life of a woman navigating a polyandrous relationship. This poignant tale weaves together love, sacrifice, and spirituality at 6,200 meters, featuring mostly local non-actors."
국제경쟁 International Competition,IC,샴발라,SHAMBHALA,노트 작성자,감독 민 바하두르 밤,"Min Bahadur Bham, Director"
국제경쟁 International Competition,IC,샴발라,SHAMBHALA,감독명,민 바하두르 밤,Min Bahadur Bham
국제경쟁 International Competition,IC,샴발라,SHAMBHALA,바이오,"네팔 영화감독. 불교 철학과 정치학 석사 학위를 취득했으며, 인류학 박사 과정을 밟고 있다. 대표작 <더 플루트>는 네팔 최초로 베니스국제영화제에 초청되었으며, <검은 닭>은 유럽및지중해영화평론가연맹상을 수상하고 네팔의 아카데미 공식 출품작으로 선정되었다.","Nepalese filmmaker Min Bahadur Bham holds Master's degrees in Buddhist Philosophy and Political Science and is pursuing a PhD in Anthropology. His acclaimed films include The Flute, Nepal’s first Venice IFF entry, and The Black Hen, which won the FEDEORA Award and was Nepal’s official Oscar submission."
국제경쟁 International Competition,IC,샴발라,SHAMBHALA,영화정보,"France, Hong Kong, Nepal, Norway, Qatar, Taiwan, Turkey, USA | 2024 | 151min | Color | Fiction | Korean Premiere",
국제경쟁 International Competition,IC,에베레스트의 그늘,Everest Dark,작품명,에베레스트의 그늘,Everest Dark
국제경쟁 International Competition,IC,에베레스트의 그늘,Everest Dark,시놉시스,"에베레스트는 이제 등반가들의 시신이 흩어져 있는 무덤이 되었다. 분노한 산신(山神)을 달래기위해, 네팔의 유명한 산악인 겸 국민적 영웅인 밍마 치리 셰르파는 자신의 모든 것을 걸고, 마지막으로 에베레스트에 올라 시신을 수습하려고 한다.","Mount Everest has become a graveyard strewn with the bodies of dead climbers. To appease the angry Mountain Gods, famed Nepalese mountaineer and national hero, Mingma Tsiri Sherpa, risks everything to return to Everest one last time and attempt to recover a body."
국제경쟁 International Competition,IC,에베레스트의 그늘,Everest Dark,프로그램 노트,"고산등반의 이면, 시신 수습의 숭고하지만 힘든 여정을 담아낸 기록적인 산악영화. 밍마 치리 셰르파의 독백은 등반뿐 아니라, 우리의 삶의 태도 역시 돌아보게 만든다.","A faithful documentary that captures the solemn yet grueling journey, the hidden side of high-altitude mountaineering. Mingma Tsiri Sherpa's monologue invites reflection not only on mountaineering but on our attitude toward life."
국제경쟁 International Competition,IC,에베레스트의 그늘,Everest Dark,노트 작성자,프로그래머 이정진,"Jinna Lee, programmer"
국제경쟁 International Competition,IC,에베레스트의 그늘,Everest Dark,감독명,제레미 와트,Jereme Watt
국제경쟁 International Competition,IC,에베레스트의 그늘,Everest Dark,바이오,"다양한 수상 경력을 가진 영화감독. 디스커버리 채널과 히스토리 채널의 다큐멘터리 TV 시리즈 150편 이상을 연출한 제레미 와트 감독은, 복잡한 인물들로부터 강렬한 이야기를 끌어내는 섬세하고 집중력 있는 연출로 유명하다.","An award-winning director of film and over 150 episodes of documentary television for Discovery and History channels worldwide, director Jereme Watt is known for his focus and care in drawing compelling stories from complicated characters."
국제경쟁 International Competition,IC,에베레스트의 그늘,Everest Dark,영화정보,"Canada | 2025 | 90min | Color, B&W | Documentary | Korean Premiere",
국제경쟁 International Competition,IC,와일드 데이즈,Wild Days,작품명,와일드 데이즈,Wild Days
국제경쟁 International Competition,IC,와일드 데이즈,Wild Days,시놉시스,사부아에서 온 4명의 친구들이 말도 안 되는 계획을 세웠다. 알래스카 드날리 산군에서 50일간 자급자족으로 살아남기.,Four friends from Savoie have a crazy idea: 50 days of self-sufficiency in Alaska's Denali massif.
국제경쟁 International Competition,IC,와일드 데이즈,Wild Days,프로그램 노트,흘러가는 시간과 방황하는 영혼은 우정을 만들기도 하고 시험에 들게도 한다. <와일드 데이즈>는 우리를 이 여정의 탐험 일지에 발맞춰 함께 여행하게 한다.,"Wild Days takes us on a journey at the pace of a logbook in a quest where friendships are created and tested by commitment, where time drifts, and spirits wanders off."
국제경쟁 International Competition,IC,와일드 데이즈,Wild Days,노트 작성자,감독 요한 귀냐르,"Yohan Guignard, Director"
국제경쟁 International Competition,IC,와일드 데이즈,Wild Days,감독명,요한 귀냐르,Yohan Guignard
국제경쟁 International Competition,IC,와일드 데이즈,Wild Days,바이오,"첫 번째 단편 극영화 <육체여 잘 있거라!>를 완성한 후, 다큐멘터리 <랜덤 패트롤>로 2021 시네마뒤릴의 단편영화상과 세자르상을 수상했다. 2023년과 2024년에는 <라이즈 어보브>와 <와일드 데이즈>로 산악인과 탐험 이야기에 주목했다.","After completing his first fictional short film, Flesh Wound, Yohan Guignard won the Short Film Award at Cinéma du Réel in 2021 with his documentary Random Patrol, which was also selected for the César Awards. In 2023 and 2024 he turned his attention to portraits of mountaineers and expedition stories with Rise Above and Wild Days."
국제경쟁 International Competition,IC,와일드 데이즈,Wild Days,영화정보,France | 2024 | 83min | Color | Documentary | Korean Premiere,
국제경쟁 International Competition,IC,위기의 콜로라도강,The American Southwest,작품명,위기의 콜로라도강,The American Southwest
국제경쟁 International Competition,IC,위기의 콜로라도강,The American Southwest,시놉시스,"콴나 체이싱호스가 내레이션을 맡은 <위기의 콜로라도강>은 콜로라도강을 따라 펼쳐지는 모험적인 여정을 통해 지역의 경이로운 야생 생태계, 문화 역사, 불확실한 미래를 탐험한다.","Narrated by Quannah Chasinghorse, The American Southwest is an adventurous journey down the Colorado River that explores the region’s extraordinary wildlife, cultural history, and uncertain future."
국제경쟁 International Competition,IC,위기의 콜로라도강,The American Southwest,프로그램 노트,"이 프로젝트의 목표는 미국 서부의 강 관리 방식을 바꾸는 것이다. 영화와 더불어, 우리는 남서부 지역의 야생 동물들과 생태계에 이바지하기 위한 공익 캠페인도 진행하고 있다.","The goal of the project is to change the way rivers are managed in the American West. Alongside the film, we have an ambitious impact campaign to benefit wildlife and the ecosystems of the Southwest."
국제경쟁 International Competition,IC,위기의 콜로라도강,The American Southwest,노트 작성자,감독 벤 마스터스,"Ben Masters, Director"
국제경쟁 International Competition,IC,위기의 콜로라도강,The American Southwest,감독명,벤 마스터스,Ben Masters
국제경쟁 International Competition,IC,위기의 콜로라도강,The American Southwest,바이오,보존과 모험에 대한 이야기를 중점적으로 다루는 텍사스 기반의 야생 동물 다큐멘터리 감독이다.,Ben Masters is a Texas based wildlife filmmaker specializing in conservation and adventure stories.
국제경쟁 International Competition,IC,위기의 콜로라도강,The American Southwest,영화정보,USA | 2025 | 107min | Color | Documentary | International Premiere,
국제경쟁 International Competition,IC,지구에서만,Only on Earth,작품명,지구에서만,Only on Earth
국제경쟁 International Competition,IC,지구에서만,Only on Earth,시놉시스,"유럽에서 산불 위험이 가장 높은 지역 중 하나인 갈리시아 남부 깊숙한 곳으로 떠나는 강렬하고 몰입감 넘치는 여정. 수백 년 동안 이곳 야생마들은 지역 카우보이의 보호 아래 불쏘시개가 될 수 있는 덤불을 억제해 왔다. 사상 최악의 폭염 속, 꺼지지 않는 불길이 점점 가까워져 오고, 인간과 동물들은 이에 맞서 사투를 벌인다.","An immersive, visually striking journey deep into southern Galicia, one of Europe’s most vulnerable forest fire zones, where wild horses have curbed flammable undergrowth for centuries under the watch of local cowboys. During the hottest summer ever recorded, humans and animals alike struggle to cope as inextinguishable fires draw closer."
국제경쟁 International Competition,IC,지구에서만,Only on Earth,프로그램 노트,"<지구에서만>은 나의 두 번째 다큐멘터리이자 가장 야심 찬 작품이다. 이 영화가 관객에게 흔들림 없고 잊히지 않는 경험으로 남기를 바란다. 궁극적으로는 우리가 자연에 어떤 영향을 끼치는지, 더 나은 미래를 위해 어떻게 함께 나아갈 수 있는지 깊이 생각해 볼 수 있는 기회가 되기를 바란다.","Only on Earth is my second and most ambitious feature documentary. I hope the film will be an unshakeable, unforgettable experience for the audience. Ultimately, it should encourage people to think deeply about our impact on the natural world, and how we might stand together for a better future."
국제경쟁 International Competition,IC,지구에서만,Only on Earth,노트 작성자,감독 로빈 페트레,"Robin Petré, Director"
국제경쟁 International Competition,IC,지구에서만,Only on Earth,감독명,로빈 페트레,Robin Petré
국제경쟁 International Competition,IC,지구에서만,Only on Earth,바이오,"덴마크 출신의 영화감독이자 예술가로 작품을 통해 인간과 동물의 관계, 자연과의 공존을 탐구한다. 독노마드에서 다큐멘터리 연출 석사 학위를 취득했으며 2024년 칸영화제 독스 인 프로그레스상을 수상한 <지구에서만>은 2025 베를린국제영화제에 선보였다.","Robin Petré is a Danish film director and artist. In her work, she explores human-animal relations and our co-existence with nature. She holds an MA in Documentary Film Directing from Doc Nomads. Her new film Only on Earth won the 2024 Cannes Docs-in-Progress Award and premiered at the Berlinale."
국제경쟁 International Competition,IC,지구에서만,Only on Earth,영화정보,"Denmark, Spain, Sweden | 2025 | 93min | Color | Documentary | None Premiere",
국제경쟁 International Competition,IC,하늘나라로 가요,Cielo,작품명,하늘나라로 가요,Cielo
국제경쟁 International Competition,IC,하늘나라로 가요,Cielo,시놉시스,적막한 볼리비아 알티플라노의 여덟 살 소녀 산타는 어머니를 천국으로 데려가기 위하여 별을 따라 초현실적인 여정에 나선다.,"Santa, an 8-year-old girl from the desolate Bolivian Altiplano, embarks on a surreal, star navigated journey to take her mother from a life of poverty into paradise."
국제경쟁 International Competition,IC,하늘나라로 가요,Cielo,프로그램 노트,<하늘나라로 가요>는 전형적인 서사 구조를 벗어나 관객을 영적인 세계로 안내하는 감성적인 여정이다. 영화는 어린 주인공의 시선을 통해 모든 역경을 딛고 일어서는 희망의 이야기를 들려준다.,"Cielo is an emotional journey that transcends conventional storytelling, transporting the audience to the realm of the spiritual. Through the eyes of our young protagonist, Cielo presents a story of hope against all odds."
국제경쟁 International Competition,IC,하늘나라로 가요,Cielo,노트 작성자,감독 알베르토 시아마,"Alberto Sciamma, Director"
국제경쟁 International Competition,IC,하늘나라로 가요,Cielo,감독명,알베르토 시아마,Alberto Sciamma
국제경쟁 International Competition,IC,하늘나라로 가요,Cielo,바이오,"바르셀로나 출신으로, 영국 웨스트서리예술디자인대학에서 영화를 전공했으며 뮤직비디오 감독으로 시작해 장편 영화감독이자 작가로 점차 영역을 넓혔다. 다양한 장르의 작품들을 통해 현실과 다소 동 떨어진 독특한 세계를 꾸준히 창조해 왔다.","Born in Barcelona, studied film at West Surrey College of Art and Design in England. He started as a music video director and gradually moved to feature films as a writer & director. While his work spans various genres, it consistently creates unique worlds that are somewhat detached from naturalistic reality."
국제경쟁 International Competition,IC,하늘나라로 가요,Cielo,영화정보,"UK, Bolivia | 2025 | 109min | Color | Fiction | None Premiere",
국제경쟁 International Competition,IC,황금 강가의 마지막,The Last Misfits by the Golden River,작품명,황금 강가의 마지막,The Last Misfits by the Golden River
국제경쟁 International Competition,IC,황금 강가의 마지막,The Last Misfits by the Golden River,시놉시스,"핀란드 라플란드의 외딴 곳에서 마지막으로 금을 캐며 살아가는 사람들이 들려주는 세대 차이와 땅의 깊이, 그리고 한 세계의 마지막에 관한 이야기.","A story about generational gaps, depth of land, and an end of a world, all experienced by the last gold prospector community living and working in the distant wilderness of Finnish Lapland."
국제경쟁 International Competition,IC,황금 강가의 마지막,The Last Misfits by the Golden River,프로그램 노트,"핀란드 라플란드의 마지막 전통식 금 채굴자들을 기록한 이 영화는 새로운 법령으로 150년간 이어져 온 생활 방식의 종말을 맞게 된 이들의 이야기를 감동적이고 인간적으로 담아냈다. 정말 아이러니한 것은, 새로운 기술에 필요한 광물을 얻기 위해 다국적 대기업들이 환경에 영향을 끼치는 대규모 채굴에 착수하는 것을 정부가 허용하고 있다는 점이다.","This film documents the last traditional gold prospectors of Finnish Lapland, whose 150-year-old way of life is being ended by new legislation. It is a touching and humane portrait of their persistence. The great irony is that the government simultaneously allows large multinational companies to establish vast, environmentally impactful mines nearby, seeking minerals for new technologies."
국제경쟁 International Competition,IC,황금 강가의 마지막,The Last Misfits by the Golden River,노트 작성자,감독 유호-페카 탄스카넨,"Juho-Pekka Tanskanen, Director"
국제경쟁 International Competition,IC,황금 강가의 마지막,The Last Misfits by the Golden River,감독명,유호-페카 탄스카넨,Juho-Pekka Tanskanen
국제경쟁 International Competition,IC,황금 강가의 마지막,The Last Misfits by the Golden River,바이오,핀란드 감독으로 알토대학교에서 석사학위를 받았다. 유시상 최우수다큐멘터리 부문 후보에 오른 첫 장편 다큐멘터리 <나의 바르셀로나를 기다리며>는 핀란드 주요 언 론으로부터 평점 4점을 받았으며 현재 유럽 전역 넷플릭스에서 상영 중이다.,"Finnish director Juho-Pekka Tanskanen holds an MA from Aalto University. His debut feature documentary, Waiting for Barcelona , was nominated for the Jussi Award for Best Documentary. The critically acclaimed film received 4-star reviews from Finland’s leading newspapers and is now streaming on Netflix across Europe."
국제경쟁 International Competition,IC,황금 강가의 마지막,The Last Misfits by the Golden River,영화정보,"Finland | 2025 | 80min | Color, B&W | Documentary | Asian Premiere",
국제경쟁 International Competition,IC,비욘드,Beyond,작품명,비욘드,Beyond
국제경쟁 International Competition,IC,비욘드,Beyond,시놉시스,"<비욘드>는 알렉스 벨리니의 인생을 바꿔놓은 2017년 바트나요쿨 빙하 탐험에서 시작된다. 2025년 1월, 알렉스는 8년 전 탐험의 의미를 새롭게 해석하고 답을 찾기 위해 다시 그곳을 찾는다. 이 재구성을 통해 탐험의 의미와 한계라는 개념을 다시 생각해 보는 계기가 되기를 바란다.","Beyond begins with Alex Bellini's 2017 Vatnajokull glacier expedition, a life-changing experience. In Jan. 2025, Alex returns to the expedition sites to seek answers and interpret the meaning of what happened eight years earlier with new eyes. Through this reconstruction, the documentary aims to contribute to universal reflection on the meaning of exploration and the concept of limits."
국제경쟁 International Competition,IC,비욘드,Beyond,프로그램 노트,"이탈리아의 탐험가 알렉스 벨리니와 감독 프란체스코 클레리치는 2024년 울산울주세계산악영화제에서 만나 의기투합, 이 영화가 완성되었다. 탐험가 알렉스 벨리니를 넘어, 인간 벨리니의 면모를 감독의 시선으로 담아낸 영화.","Italian explorer Alex Bellini and director Francesco Clerici met at the Ulsan Ulju Mountain Film Festival in 2024 and discovered a shared vision that led to the creation of this film. Seen through the director's eyes, the film presents Bellini not only as an explorer but also as a human being."
국제경쟁 International Competition,IC,비욘드,Beyond,노트 작성자,프로그래머 이정진,"Jinna Lee, Programmer"
국제경쟁 International Competition,IC,비욘드,Beyond,감독명,"알렉스 벨리니, 프란체스코 클레리치","Alex Bellini, Francesco Clerici"
국제경쟁 International Competition,IC,비욘드,Beyond,바이오,"알렉스 벨리니
탐험가이자 환경운동가로 대서양과 태평양을 혼자서 노를 저어 횡단한 것으로 유명하다. 뉴욕 탐험가 클럽의 멤버다.
프란체스코 클레리치
수상 경력이 있는 감독이자 대학교수. 2015년 데뷔작 <손의 제스처>로 베를린국제영화제에서 국제영화비평가연맹상을 수상했다.","Alex Bellini
An explorer and environmental activist, he is known for rowing solo across the Atlantic and Pacific Oceans. He is a member of the Explorers Club of New York.
Francesco Clerici
An award-winning director and university professor. In 2015, Hand Gesture, his first work, won the FIPRESCI prize at Berlin IFF."
국제경쟁 International Competition,IC,비욘드,Beyond,영화정보,Italy | 2025 | 46min | Color | Documentary | Asian Premiere,
국제경쟁 International Competition,IC,목 없는 기수,The Headless Horseman,작품명,목 없는 기수,The Headless Horseman
국제경쟁 International Competition,IC,목 없는 기수,The Headless Horseman,시놉시스,"속임수와 병, 이별과 의심, 살을 에는 추위, 끝없는 공허, 그리고 도사리는 죽음. 히말라야의 무자비한 눈 속에서, 샤를 뒤불로즈와 시몽 벨프링거는 어쩌면 이 위험한 길 위에서야말로 삶의 기쁨을 발견할 수 있다는 것을 깨닫는다.","Deception and illness. Separation and doubt. Icy cold, abyssal emptiness, and lurking death. In the merciless snows of the Himalayas, Charles Dubouloz and Symon Welfringer discover that the joy of life can be found, perhaps above all, on these perilous paths."
국제경쟁 International Competition,IC,목 없는 기수,The Headless Horseman,프로그램 노트,"비록 동기는 다르지만 같은 목표를 가진 두 산악인 친구를 그린 영화. 그들의 목표는 7,000 미터가 넘는 봉우리의 알파인 등반 루트를 개척하는 것이다.","The film portrays two mountaineering friends, whose motivations differ but who share the same goal: to open a route on a 7,000m+ summit, in alpine style."
국제경쟁 International Competition,IC,목 없는 기수,The Headless Horseman,노트 작성자,프로듀서 피에르 디못,"Pierre Desmottes, Producer"
국제경쟁 International Competition,IC,목 없는 기수,The Headless Horseman,감독명,앤디 꼴레,Andy Collet
국제경쟁 International Competition,IC,목 없는 기수,The Headless Horseman,바이오,"스포츠는 항상 나에게 특별한 힘을 주었다. 바로 변화의 능력이다. 나는 프리스타일 스키어 출신으로 지금은 트레일 러너다. 스키는 내게 꿈과 창의적으로 생각하는 법을 가르쳐 주었고, 트레일 러닝은 절제와 정신력을 길러 주었다. 스포츠는 서로 교감하고 성장하며, 시야를 넓혀주는 열정을 나누는 일이다.","Sport has always held a unique power for me: the ability to transform. I’m a former freestyle skier, and now a trail runner. Ski taught me to dream and think creatively, while trail running in- stilled discipline and mental strength. Sport is about connecting, growing, and sharing a passion that opens perspectives."
국제경쟁 International Competition,IC,목 없는 기수,The Headless Horseman,영화정보,France | 2024 | 42min | Color | Documentary | Asian Premiere,
국제경쟁 International Competition,IC,마을의 수호자들,Placekeepers,작품명,마을의 수호자들,Placekeepers
국제경쟁 International Competition,IC,마을의 수호자들,Placekeepers,시놉시스,"조지아 투셰티의 코카서스 산악지대로 이어지는 유일한 도로가 겨울철 7개월 동안 폐쇄되면서, 극소수의 사람들만 남게 되었다.","As the only road leading to the Caucasus mountain region of Tusheti, Georgia, closes for 7 months of winter, a handful of holdouts remain."
국제경쟁 International Competition,IC,마을의 수호자들,Placekeepers,프로그램 노트,"조지아의 투셰티, 쇠퇴하고 있는 고산지대 공동체는 농촌 인구 감소, 세대 간 변화, 소련 체제의 잔재라는 어려움을 겪고 있다. 동시에 대안적 생활 방식과 집단 회복력, 미래로 이어지는 불확실한 길을 엿볼 수 있는 기회를 제공한다.","In remote Tusheti, Georgia, a dwindling highland community grapples with rural depopulation, intergenerational change, and Soviet memory—offering a rare glimpse into alternative ways of living, collective resilience, and an uncertain path into the future."
국제경쟁 International Competition,IC,마을의 수호자들,Placekeepers,노트 작성자,감독 로버트 호프,"Robert Hope, Director"
국제경쟁 International Competition,IC,마을의 수호자들,Placekeepers,감독명,로버트 호프,Robert Hope
국제경쟁 International Competition,IC,마을의 수호자들,Placekeepers,바이오,샌프란시스코를 기반으로 활동하는 다큐멘터리 감독. 그의 단편 다큐멘터리 <마을의 수호자들>은 빅스카이다큐멘터리영화제에서 첫선을 보인 후 전 세계에서 상영 중이다. 로스 앤젤레스의 해체된 공동체에서 살아 가는 한 여성을 다룬 전작 <천국이 이곳에>는 여러 아카데미 공식 지정 영화제에서 상영되었다. 현재 공중보건 관련 다큐멘터리도 제작 중이다.,"Robert Hope is a documentary filmmaker based in San Francisco. His short doc, Placekeepers premiered at Big Sky and is screening internationally. His previous doc, Heaven on Earth, about the matriarch of an L.A. ex-commune, screened at Oscar-qualifying festivals. He also creates public health documentaries for the Center for the Art of Medicine."
국제경쟁 International Competition,IC,마을의 수호자들,Placekeepers,영화정보,"USA, Georgia | 2024 | 26min | Color | Documentary | Asian Premiere",
국제경쟁 International Competition,IC,수퍼 엑시와 날아라 분더,Axie and the Wunder Dachsies,작품명,수퍼 엑시와 날아라 분더,Axie and the Wunder Dachsies
국제경쟁 International Competition,IC,수퍼 엑시와 날아라 분더,Axie and the Wunder Dachsies,시놉시스,"옛날 옛적, 집으로 돌아오지 않는 한 빙벽 등반가가 있었다. 용감한 엑시는 영리한 닥스훈트 두 마리 ‘분더 닥시즈’와 함께 오래전 사라진 연인을 찾아 나서지만, 깊은 산속에서 거센 눈보라에 휩싸이고 만다. 그다음엔 과연 어떤 일이 펼쳐질까?","Once upon a time there was a rough-and-ready ice-climber who didn’t come home. Together with her two precocious dachshunds, the Wunder Dachsies, the courageous Axie goes off in search of her long-lost knight in armour. High up in the mountains, she finds herself in an ice blizzard. Who knows what happens next…"
국제경쟁 International Competition,IC,수퍼 엑시와 날아라 분더,Axie and the Wunder Dachsies,프로그램 노트,2023년 DMFF 시상식에서 리세트 반싱크 감독은 영화제를 위한 첫 스톱모션 애니메이션 제작을 선언했다. 작품의 주인공은 네덜란드 빙벽 등반 챔피언인 마리안느 반 데르 스테인과 데니스 반 후크의 닥스훈트 강아지들이다.,"During the DMFF Awards ceremony in 2023 puppet-maker Lisette Wansink declared to make the festival first stop-motion film. The main protagonist would: the dachshunds of Dutch ice-climbing champions, Marianne van der Steen and Dennis van Hoek."
국제경쟁 International Competition,IC,수퍼 엑시와 날아라 분더,Axie and the Wunder Dachsies,노트 작성자,감독 리세트 반싱크,"Lisette Wansink, Director"
국제경쟁 International Competition,IC,수퍼 엑시와 날아라 분더,Axie and the Wunder Dachsies,감독명,리세트 반싱크,Lisette Wansink
국제경쟁 International Competition,IC,수퍼 엑시와 날아라 분더,Axie and the Wunder Dachsies,바이오,"1964년 네덜란드 흐로닝언 출생. 마스트리흐트 예술대학에서 수학 했다. 일러스트레이션, 퍼핏, 스톱모션 애니메이션과 또 다른 자아인 ‘프뢰벨프라우’를 통한 공예 이야기로 동화 같은 예술 세계를 만들어 낸다, 현재 어린 반려견 후아니토와 함께 벨기에 아르덴에 거주하고 있다.","Lisette Wansink, 1964 Groningen Netherlands. Maastricht Academy of Fine Arts and Design. She builds her fairy tale art with illustrations, puppets, stop-motion films and craft stories told by her alter ego the Fröbelfrau. The result is colorful and cheerful with a humorous twist. She lives with her young dog Juanito in the Belgian Ardennes."
국제경쟁 International Competition,IC,수퍼 엑시와 날아라 분더,Axie and the Wunder Dachsies,영화정보,The Netherlands | 2024 | 7min | Color | Animation | Korean Premiere,
국제경쟁 International Competition,IC,클라이밍의 미래,The Future of Climbing,작품명,클라이밍의 미래,The Future of Climbing
국제경쟁 International Competition,IC,클라이밍의 미래,The Future of Climbing,시놉시스,"세드릭 라샤는 지난 30년 동안 세계에서 가장 전설적인 암벽들을 오르며 클라이밍의 한계를 넓혀왔다. 세계 정상급 선수였던 그는 이제 거벽과 다양한 프로젝트에 전념하고 있다. 유쾌하면서도 진솔한 시선으로 클라이밍에 전념하는 태도와 현대 클라이밍의 아름다움, 도전을 조명한다.","For 30 years, Cédric Lachat has been pushing the limits of climbing, exploring the world's most legendary walls. Former top-level competitor, he now dedicates himself entirely to big walls and ambitious projects. With humor and authenticity, he highlights the commitment, beauty, and challenges of modern climbing."
국제경쟁 International Competition,IC,클라이밍의 미래,The Future of Climbing,프로그램 노트,"사설 클라이밍장의 유행과 올림픽 종목 채택으로 빠르게 성장한 클라이밍은 역설적인 상황에 놓여 있다. 실내 클라이밍의 성공과는 대조적으로, 자연 암장은 각종 위협을 받고 있다는 것이다. 세드릭 라샤를 중심으로 펼쳐지는 이 영화는 클라이밍의 발전과 미래 세대에 남겨질 유산을 탐구한다.","With the rise of private climbing gyms and the arrival of climbing in the Olympics, this rapidly evolving sport faces a paradox: its indoor success contrasts with the threats looming over natural climbing sites. Led by Cédric Lachat, this film explores the evolution of climbing and the legacy left for future generations."
국제경쟁 International Competition,IC,클라이밍의 미래,The Future of Climbing,노트 작성자,감독 기욤 브로스트,"Guillaume Broust, Director"
국제경쟁 International Competition,IC,클라이밍의 미래,The Future of Climbing,감독명,기욤 브로스트,Guillaume Broust
국제경쟁 International Competition,IC,클라이밍의 미래,The Future of Climbing,바이오,"20년 이상 경력의 아웃도어 영화와 다큐멘터리 감독. 클라이밍, 패러글라이딩, 등반, 스키를 소재로 한 200편 이상의 영화와 다수의 수상 경력을 통해 자신만의 스타일과 영화 세계를 구축해 왔다.","Guillaume Broust is an award-winning filmmaker with more than 20 years of experience in outdoor films and documentaries. With over 200 films featuring climbing, paragliding, mountaineering, and skiing, as well as a number of awards to his name, Guillaume has created his own style and cinematographic universe."
국제경쟁 International Competition,IC,클라이밍의 미래,The Future of Climbing,영화정보,France | 2025 | 53min | Color | Documentary | Asian Premiere,
국제경쟁 International Competition,IC,제시 더프턴의 두 번째 도전,Climbing Blind II,작품명,제시 더프턴의 두 번째 도전,Climbing Blind II
국제경쟁 International Competition,IC,제시 더프턴의 두 번째 도전,Climbing Blind II,시놉시스,"희귀 유전 질환인 망막색소변성증으로 시력을 잃은 제시 더프턴의 클라이밍은 멈추지 않았다. 파라 클라이밍 대회에 출전하고 E2 루트를 성공적으로 온 사이트 등반한 데 이어, 이제 그의 야심 찬 목표는 E3 루트다. 바로 와이오밍의 데빌스 타워, 악명 높은 엘 마타도르(5.10d). 끈기가 만들어 낸 놀라운 업적이 펼쳐진다.","Blind due to the rare genetic disease retinitis pigmentosa, Jesse Dufton’s climbing has only progressed. After competing on the para-circuit and successfully on-sighting E2 routes, his ambition is now set on an E3: the infamous “El Matador” (5.10d) on Wyoming's Devil’s Tower. What unfolds is a remarkable feat of persistence."
국제경쟁 International Competition,IC,제시 더프턴의 두 번째 도전,Climbing Blind II,프로그램 노트,"시각장애인 클라이머 제시 더프턴과 그의 눈이 되어주는 몰리 더프턴이 올드맨 오브 호이에 오르는 이야기 <제시 더프턴의 도전>에 이어, 이번 영화에서도 믿기 힘들 만큼 놀라운 제시의 클라이밍 업적을 담았다.","Following on from our first film Climbing Blind. Where we see blind climber Jesse Dufton and sight guide Molly Dufton ascend the iconic Old Man of Hoy, this film picks up the story of Jesse’s incredible climbing career."
국제경쟁 International Competition,IC,제시 더프턴의 두 번째 도전,Climbing Blind II,노트 작성자,감독 앨라스터 리,"Alastair Lee, Director"
국제경쟁 International Competition,IC,제시 더프턴의 두 번째 도전,Climbing Blind II,감독명,앨라스터 리,Alastair Lee
국제경쟁 International Competition,IC,제시 더프턴의 두 번째 도전,Climbing Blind II,바이오,아웃도어 전문 감독 겸 촬영 감독으로 20년 경력의 베테랑이다. 장엄한 풍경과 인간적인 이야기를 결합하는 탁월한 재능으로 독보적인 입지를 구축했으며 전 세계에서 170개가 넘는 상을 받았다.,Alastair Lee is a director and cameraman specializing in the outdoor world. He is a 20-year industry veteran. His unique talent for combining the spectacular with the human has earned him over 170 international awards and made him a leading force in his field.
국제경쟁 International Competition,IC,제시 더프턴의 두 번째 도전,Climbing Blind II,영화정보,UK | 2024 | 39min | Color | Documentary | Asian Premiere,
국제경쟁 International Competition,IC,다이빙의 무게,Voices from the Abyss,작품명,다이빙의 무게,Voices from the Abyss
국제경쟁 International Competition,IC,다이빙의 무게,Voices from the Abyss,시놉시스,"게레로주 아카풀코의 ‘라 케브라다 절벽 다이버스’는 소년, 소녀, 청년, 노인, 아프리카계 멕시코인, 원주민 등 다양한 구성원으로 이루어져 있다. 이들은 라 케브라다의 위험천만한 절벽에서 100 피트 아래 바다로 뛰어드는 아찔한 쇼를 펼치며 생계를 이어간다. <다이빙의 무게>는 슬로 모션 영상과 개별 인터뷰, 다이버들이 직접 낭송하는 창작시를 통해 이들의 다이빙이 지닌 본질에 다가간다.","La Quebrada Cliff Divers in Acapulco, Guerrero, are a diverse group(including boys, girls, youths, elders, Afro-Mexicans, and natives) who earn their living by diving 100 feet into the sea from a dangerous cliff as part of a thrilling show at La Quebrada. In Voices from the Abyss, we explore the nature of their dives through slow-motion footage, personal testimonies, and an original poem recited by the divers themselves."
국제경쟁 International Competition,IC,다이빙의 무게,Voices from the Abyss,프로그램 노트,"우리는 심리적, 신체적 관점에서 절벽 다이빙을 밀착 탐구한다. 다이빙은 단 3초에 불과하지만, 이 영화는 슬로 모션과 인터뷰, 그리고 다이버들의 신체를 세밀히 관찰하는 방식을 통해 그들이 겪는 내면의 여정으로 관객을 이끈다.","We explore cliff diving from an intimate psychological and physical perspective. Their dives last only three seconds, and this film takes the audience through their inner journey using slow motion, testimonies, and observation of their bodies."
국제경쟁 International Competition,IC,다이빙의 무게,Voices from the Abyss,노트 작성자,감독 어빙 세라노,"Irving Serrano, Co-Director"
국제경쟁 International Competition,IC,다이빙의 무게,Voices from the Abyss,감독명,"빅토르 레혼, 어빙 세라노","Victor Rejón, Irving Serrano"
국제경쟁 International Competition,IC,다이빙의 무게,Voices from the Abyss,바이오,"빅토르 레혼
유카탄 자치대학교에서 조직개발을 위한 응용심리학 석사 학위를 취득했으며 멕시코국립영화제작학교에서 프로덕션 과정을 수료했다.
어빙 세라노
멕시코국립영화제작학교에서 프로덕션 과정을 수료하고, 영화 촬영 학사 학위를 취득했다.","Victor Rejón
He holds a Master’s in Applied Psychology for Organizational Development, and is a graduate of the Film Production Course at the Centro de Capacitación Cinematográfica.
Irving Serrano
He studied the Production Course at the Centro de Capacitación Cinematográfica and earned a bachelor's degree in Cinematography at the same institution."
국제경쟁 International Competition,IC,다이빙의 무게,Voices from the Abyss,영화정보,Mexico | 2025 | 24min | B&W | Documentary | None Premiere,
국제경쟁 International Competition,IC,라이더스 온 더 스톰,Riders on the Storm,작품명,라이더스 온 더 스톰,Riders on the Storm
국제경쟁 International Competition,IC,라이더스 온 더 스톰,Riders on the Storm,시놉시스,"거벽 등반가 시베 반히는 드류 스미스와 벨기에 동료인 니코 파브레즈, 션 빌라누에바 오드리스콜과 함께 파타고니아 토레 센트럴 동벽, 난공불락의 루트인 라이더스 온 더 스톰 첫 자유 등반에 도전한다.",Big wall climber Siebe Vanhee enlists Drew Smith and fellow Belgian countrymen Nico Favresse and Sean Villanueva O’Driscoll to attempt the first free ascent of the elusive Riders on the Storm route on the East Face of Patagonia’s Torre Central.
국제경쟁 International Competition,IC,라이더스 온 더 스톰,Riders on the Storm,프로그램 노트,"션 빌라누에바 오드리스콜과 니코 파브레즈의 모험 다음 장을 소개하게 되어 기쁘다. 10년 넘게 그들의 모험을 기록해 오며, 그들이 보여주는 놀라운 업적과 엉뚱한 에너지에 늘 감탄하게 된다.","Reel Rock is pleased to present the next chapter of the ongoing adventures of Sean Villanueva O’Driscoll and Nico Favresse. We've been documenting their expeditions for over a decade and they never fail to amaze with their impressive achievements and infectious, zany energy along the way."
국제경쟁 International Competition,IC,라이더스 온 더 스톰,Riders on the Storm,노트 작성자,배급사 릴락,The Reel Rock Team
국제경쟁 International Competition,IC,라이더스 온 더 스톰,Riders on the Storm,감독명,조쉬 로웰,Josh Lowell
국제경쟁 International Competition,IC,라이더스 온 더 스톰,Riders on the Storm,바이오,"1997년 브렛과 함께 빅업프로덕션을 설립하고 획기적인 클라이밍 영화를 만들어왔다. 센더필름즈와 2006년 파트너를 맺고 매년 릴락 투어를 개최, 세계 최대 규모의 클라이밍 미디어 플랫폼으로 성장시켰다. 장편 다큐멘터리 <던 월>의 감독이기도 하다.","Josh Lowell founded Big UP Productions with his brother Brett in 1997 and has been producing groundbreaking climbing films ever since. Big UP partnered with Sender Films in 2006 to create the annual REEL ROCK Film Tour, now the biggest climbing media platform in the world. Josh is the director of the feature length documentary The Dawn Wall."
국제경쟁 International Competition,IC,라이더스 온 더 스톰,Riders on the Storm,영화정보,USA | 2025 | 28min | Color | Documentary | Korean Premiere,
국제경쟁 International Competition,IC,영하 40도에서,Minus 103 Degrees,작품명,영하 40도에서,Minus 103 Degrees
국제경쟁 International Competition,IC,영하 40도에서,Minus 103 Degrees,시놉시스,"2023년 2월 19일, 요스트 코부쉬는 메스너 쿨와르를 통해 드날리 동계 단독 등반에 처음으로 성공했다. 이 대담한 업적을 따라가는 <영하 40도에서>는 더 큰 목표인 에베레스트 동계 단독 등반을 준비하면서 등반의 한계를 새롭게 정의하려는 코부쉬의 끊임없는 탐구를 보여준다. 고독과 전략, 불가능에 맞선 도전의 초상.","On Feb. 19, 2023, Jost Kobusch completed the first solo winter ascent of Denali via the Messner Couloir, an audacious, 35-hour climb through brutal cold and isolation. Minus 103 Degrees follows this bold feat, revealing Kobusch’s evolving quest to redefine human limits in mountaineering, as he prepares for an even greater goal: a solo winter ascent of Everest, a portrait of solitude, strategy, and the pursuit of the impossible."
국제경쟁 International Competition,IC,영하 40도에서,Minus 103 Degrees,프로그램 노트,"<영하 40도에서>는 요스트 코부쉬의 역사적인 드날리 동계 단독 등반을 담은 작품이다. 지구상 가장 극한의 환경 중 하나인 드날리에서 인간의 한계에 도전하는 한 등반가의 인내와 고독, 비전을 섬세하게 그려냈다.","Minus 103 Degrees captures Jost Kobusch’s historic solo winter ascent of Denali, an intimate portrait of endurance, solitude, and vision from a climber pushing human limits in one of Earth’s most extreme environments."
국제경쟁 International Competition,IC,영하 40도에서,Minus 103 Degrees,노트 작성자,배급 담당 키라 발마노,"Kirra Balmanno, Film distributor"
국제경쟁 International Competition,IC,영하 40도에서,Minus 103 Degrees,감독명,펠린 게르하르트,Feline Gerhardt
국제경쟁 International Competition,IC,영하 40도에서,Minus 103 Degrees,바이오,"2020년 7월, 펠린은 저널리즘 영화와 촬영에 특화된 바덴뷔르템베르크 영화아카데미를 졸업했다. 현재 프리랜서 촬영감독이자 연출자로 ARTE, SWR, 독일연방외무부 등과 협업하고 있다.","In July 2020, Feline graduated from the Filmakademie Baden-Württemberg, specializing in journalistic film and cinematography. Now a freelance camerawoman and director, she works with ARTE, SWR, and the German Federal Foreign Office."
국제경쟁 International Competition,IC,영하 40도에서,Minus 103 Degrees,영화정보,Germany | 2023 | 13min | Color | Documentary | Korean Premiere,
국제경쟁 International Competition,IC,내면 등반,Inner Walls,작품명,내면 등반,Inner Walls
국제경쟁 International Competition,IC,내면 등반,Inner Walls,시놉시스,"영화 제작자 알렉산드라 엘킨은 두 명의 베테랑 클라이머와 함께 레드락 캐년과 요세미티를 등정하는 여정을 떠난다. 두려움과 내면의 힘, 그리고 클라이밍을 향한 깊은 열정이 마침내 정상에서 만난다. 용기에는 나이가 없는 법이다.","Filmmaker Alexandra Elkin joins two veteran climbers on a breathtaking journey through Red Rock Canyon and Yosemite, where fear, inner strength, and a deep passion for climbing meet at the summit, revealing that courage knows no age."
국제경쟁 International Competition,IC,내면 등반,Inner Walls,프로그램 노트,"<내면 등반>은 우리가 어떻게 한계를 마주하고 도전하며 재정의하는지, 그리고 궁극적으로 어떻게 수용하는지 탐구한다. 아슬아슬한 촬영을 통해 나이, 전문성, 두려움과 싸우는 개인을 보여주며, 대담한 도전에는 나이 제한이 없음을 증명한다. 요세미티의 웅장함과 엘 캐피탄의 압도적인 존재감을 대형 스크린으로 만나보길 바란다.","Inner Walls examines how we confront, challenge, redefine, and ultimately accept our limitations. Through breathtaking cinematography, the film showcases individuals grappling with age, expertise, and fear, proving that bold adventures know no age limit. Yosemite's grandeur and El Capitan's imposing presence demand to be experienced on the big screen. Enjoy!"
국제경쟁 International Competition,IC,내면 등반,Inner Walls,노트 작성자,감독 알렉산드라 엘킨,"Alexandra Elkin, Director"
국제경쟁 International Competition,IC,내면 등반,Inner Walls,감독명,알렉산드라 엘킨,Alexandra Elkin
국제경쟁 International Competition,IC,내면 등반,Inner Walls,바이오,"12년간 현장 촬영팀으로 일한 후, 34살의 나이에 첫 장편 다큐멘터리 <내면 등반>의 연출을 결심했다. 콩코르디아대학교에서 미술사 및 영화학 전공으로 학위를 취득했다.","After twelve years of working on set as a grip, Alexandra Elkin, 34 years old, decides to direct her first feature-length documentary, Inner Walls. She obtained her degree from Concordia University in 2013 from the Art History and Film Studies program."
국제경쟁 International Competition,IC,내면 등반,Inner Walls,영화정보,Canada | 2025 | 75min | Color | Documentary | Korean Premiere,
산 Mountain,MT,스틸 얼라이브,Still Alive - The Drama on Mount Kenya,작품명,스틸 얼라이브,Still Alive - The Drama on Mount Kenya
산 Mountain,MT,스틸 얼라이브,Still Alive - The Drama on Mount Kenya,프로그램 노트,"메스너의 삶의 새로운 국면을 보여주는 첫 연출작으로, 아프리카를 배경으로 한 극도로 감정적인 이야기다. 산에서 위기에 처한 두 의사의 이야기로, 마지막 순간에 주드마이어 박사를 간신히 구해내고 욀츠 박사는 극한의 한계까지 몰리게 된다.","Still Alive - The Drama on Mount Kenya, talks about his new phase of life and presents his first film: an extremely emotional story set in Africa. Two doctors get into mountain trouble and only at the last moment do they manage to save the doomed Dr. Judmaier. Dr. Oelz is pushed to his limits."
산 Mountain,MT,스틸 얼라이브,Still Alive - The Drama on Mount Kenya,노트 작성자,매니저 우루슬라 엘블링,"Ursula Elbling, Manager"
산 Mountain,MT,스틸 얼라이브,Still Alive - The Drama on Mount Kenya,감독명,"라인홀트 메스너, 한스 피터 스타우버","Reinhold Messner, Hans-peter Stauber"
산 Mountain,MT,스틸 얼라이브,Still Alive - The Drama on Mount Kenya,바이오,"라인홀트 메스너
등반가이자 탐험가, 작가, 영화감독. 해발 8,000미터 고봉 14개를 모두 오른 최초의 산악인이자, 살아있는 전설로 알려져 있다.
한스 피터 스타우버
텔레비전 저널리스트이자 프로듀서로, <루낙리>, <다비드 라마-바위와 얼음의 한계를 넘어>등의 작품이 있다.","Reinhold Messner
A Mountaineer, explorer, writer and filmmaker. He is a living legend and first mountaineer to have climbed all 14 peaks over an altitude of 8,000 meters.
Hans-Peter Stauber
An experienced television journalist and producer of Lunag Li, David Lama – Off Limits On Rock and Ice."
산 Mountain,MT,스틸 얼라이브,Still Alive - The Drama on Mount Kenya,영화정보,Italy | 2016 | 89min | Color | Documentary | Korean Premiere,
산 Mountain,MT,다니구치 케이의 선물,A Gift from Kei Taniguchi,작품명,다니구치 케이의 선물,A Gift from Kei Taniguchi
산 Mountain,MT,다니구치 케이의 선물,A Gift from Kei Taniguchi,프로그램 노트,남성 중심의 세계에서 자신을 잃지 않았던 다니구치 케이에게 바치는 헌사. 이 영화는 그녀의 정신에 영감을 받은 사람들이 모여 그녀가 사랑했던 산에서 그녀의 발자취를 기리는 이야기다.,"A tribute to Taniguchi Kei, a woman who remained true to herself in a male-dominated world. This film gathers those inspired by her spirit to celebrate her legacy on the mountains she loved."
산 Mountain,MT,다니구치 케이의 선물,A Gift from Kei Taniguchi,노트 작성자,감독 오카모토 테츠야,"Tetsuya Okamoto, Director"
산 Mountain,MT,다니구치 케이의 선물,A Gift from Kei Taniguchi,감독명,"토자와 토시코, 오카모토 테츠야","Tozawa Toshiko, Okamoto Tetsuya"
산 Mountain,MT,다니구치 케이의 선물,A Gift from Kei Taniguchi,바이오,"토자와 토시코
예술에 열정을 가지고 로마와 도쿄를 오가며 홍보 영상, 다큐멘터리, 영화 작업을 하고 있다.
오카모토 테츠야
클라이머이자 30년 경력의 다큐멘터리 감독으로 산악 다큐멘터리와 TV 프로그램을 제작해 왔으며, 마운틴고릴라필름스를 이끌고 있다.","Tozawa Toshiko
Passionate about art and divides her time between Rome and Tokyo, working on promotional videos, documentaries, and films.
Okamoto Tetsuya
A climber and documentary director with 30 years of experience producing mountain documentaries and TV programs. He leads Mountain Gorilla Films."
산 Mountain,MT,다니구치 케이의 선물,A Gift from Kei Taniguchi,영화정보,Japan | 2023 | 100min | Color | Documentary | Korean Premiere,
산 Mountain,MT,에베레스트 - 최후의 한 걸음,Mount Everest - The Last Step,작품명,에베레스트 - 최후의 한 걸음,Mount Everest - The Last Step
산 Mountain,MT,에베레스트 - 최후의 한 걸음,Mount Everest - The Last Step,프로그램 노트,"살아 있는 전설 라인홀트 메스너는 이 영화에서 자신의 역사적 등정을 16mm 필름 아카이브 자료와 재연을 통해 사실적으로 고증한다. 정상에 오르는 것뿐 아니라 안전한 하산의 중요성, 전통 등반가로서 자세, 수많은 실패를 통해 배우는 교훈 등, 등반을 넘어 우리 삶에서도 적용할 수 있는 교훈들로 가득한 영화이다.","In this film, the living legend Reinhold Messner authentically corroborates his historic ascent through 16 mm archival footage and reenactments. Beyond summiting, it is filled with lessons applicable to our lives, emphasizing the importance of a safe descent, the attitude of a traditional mountaineer, and the insights gained through numerous failures."
산 Mountain,MT,에베레스트 - 최후의 한 걸음,Mount Everest - The Last Step,노트 작성자,프로그래머 이정진,"Jinna Lee, Programmer"
산 Mountain,MT,에베레스트 - 최후의 한 걸음,Mount Everest - The Last Step,감독명,"라인홀트 메스너, 한스 페터 스타우버","Reinhold Messner, Hans-peter Stauber"
산 Mountain,MT,에베레스트 - 최후의 한 걸음,Mount Everest - The Last Step,바이오,"라인홀트 메스너
등반가이자 탐험가, 작가, 영화감독. 해발 8,000미터 고봉 14개를 모두 오른 최초의 산악인이자, 살아있는 전설로 알려져 있다.
한스 피터 스타우버
텔레비전 저널리스트이자 프로듀서로, <루낙리>, <다비드 라마-바위와 얼음의 한계를 넘어>등의 작품이 있다.","Reinhold Messner
A Mountaineer, explorer, writer and filmmaker. He is a living legend and first mountaineer to have climbed all 14 peaks over an altitude of 8,000 meters.
Hans-Peter Stauber
An experienced television journalist and producer of Lunag Li, David Lama – Off Limits On Rock and Ice."
산 Mountain,MT,에베레스트 - 최후의 한 걸음,Mount Everest - The Last Step,영화정보,"Austria | 2018 | 61min | Color, B&W | Documentary | None Premiere",
산 Mountain,MT,"인간, 다베이 준코",Climbing for Life,작품명,"인간, 다베이 준코",Climbing for Life
산 Mountain,MT,"인간, 다베이 준코",Climbing for Life,프로그램 노트,"일본의 위대한 여성 산악인 중 한 명인 다베이 준코의 실화를 바탕으로 한 영화. 여성 최초로 에베레스트 정상에 오른 순간부터, 말년에 겪은 병마와의 싸움, 시한부 판정을 받았음에도 죽기 직전까지 등반을 계속했던 그녀의 영웅적 삶을 장대한 스케일로 그렸다.","Based on the true story of Tabei Junko, one of Japan's greatest female mountaineers, this film depicts on a grand scale the heroic life of Tabei Junko, from her first ascent of Mount Everest as a woman, her battle with illness in her later years, and her continued climbing until just before her death despite she had give terminal diagnosis."
산 Mountain,MT,"인간, 다베이 준코",Climbing for Life,노트 작성자,배급사 키노 필름스,Kino Films
산 Mountain,MT,"인간, 다베이 준코",Climbing for Life,감독명,사카모토 준지,Sakamoto Junji
산 Mountain,MT,"인간, 다베이 준코",Climbing for Life,바이오,1958년 오사카현 출생. 1989년 감독 데뷔작 <팔꿈치로 치기>로 블루리본상 최우수 작품상을 비롯한 다수의 상을 수상했다. 2000년에는 대표작 <얼굴>로 일본 아카데미 최우수 감독상을 포함한 여러 상을 수상했다. 최신작은 <오키쿠와 세계>다.,"Born in Osaka Prefecture in 1958. In 1989, he made his directorial debut with Knockout which won numerous awards including Blue Ribbon Best Film Award. In 2000, he won the Japanese Academy's Best Director Award and many others for his masterpieces, Face. His most recent film is Okiku and the World."
산 Mountain,MT,"인간, 다베이 준코",Climbing for Life,영화정보,Japan | 2025 | 130min | Color | Fiction | Asian Premiere,
산 Mountain,MT,클리프행어 리마스터드,Cliffhanger,작품명,클리프행어 리마스터드,Cliffhanger
산 Mountain,MT,클리프행어 리마스터드,Cliffhanger,프로그램 노트,"산악 구조 대원이 해야 할 의무 이상의 일을 하라는 부름을 받은 평범한 남자, 게이브에 대한 이야기로서 친구의 여자 친구를 사고에서 구해내지 못했다는 죄책감을 갖고 있는 게이브가 자신이 절실히 원했던 두 번째 기회와 구원을 얻는다.","This is a story about an ordinary man who is called upon to do something above and beyond the call of duty. The man, Gabe Walker who is suffering from the tragic accident, gets that second shot and finds the redemption he so desperately needs."
산 Mountain,MT,클리프행어 리마스터드,Cliffhanger,노트 작성자,주연 및 각본 실베스터 스탤론,"Sylvester Stallone, Cast and Screenplay"
산 Mountain,MT,클리프행어 리마스터드,Cliffhanger,감독명,레니 할린,Renny Harlin
산 Mountain,MT,클리프행어 리마스터드,Cliffhanger,바이오,할리우드 역사상 가장 큰 성공을 거둔 핀란드 출신 영화감독인 레니 할린은 브루스 윌리스 주연의 <다이 하드2>와 실베스터 스탤론 주연의 <클리프행어 리마스터드>로 큰 성공을 거두며 액션 장르 최고의 프로듀서이자 감독으로 주목받 았다.,"Renny Harlin is the most successful Finnish film director in the history of Hollywood. Harlin made Die Hard 2 with Bruce Willis which was commercially successful, with over 239 million dollars worldwide gross. Next he directed Cliffhanger with Sylvester Stallone which made $255 million worldwide and was nominated for 3 Oscar's."
산 Mountain,MT,클리프행어 리마스터드,Cliffhanger,영화정보,USA | 1993 | 113min | Color | Fiction | None Premiere,
산 Mountain,MT,아웃 오브 더 블루,Out of the Blue,작품명,아웃 오브 더 블루,Out of the Blue
산 Mountain,MT,아웃 오브 더 블루,Out of the Blue,프로그램 노트,위험천만한 슬랙라인 도전에 참여한 이들의 생생한 기록. IAMF 대상 수상자 세바스티앙 몬타-로세는 등반가와 예술가들의 합작품을 담아낸다.,"A vivid record of those who take on an extremely dangerous slackline challenge. Sébastien Montaz-Rosset, winner of the IAMF Grand Prize, captures the collaborative work of alpinists and artists."
산 Mountain,MT,아웃 오브 더 블루,Out of the Blue,노트 작성자,프로그래머 이정진,"Jinna Lee, Programmer"
산 Mountain,MT,아웃 오브 더 블루,Out of the Blue,감독명,"다비나 베이루 몬타-로세, 세바스티앙 몬타-로세","Davina Beyloos Montaz-Rosset, Sébastien Montaz-Rosset"
산 Mountain,MT,아웃 오브 더 블루,Out of the Blue,바이오,"다비나 베이루 몬타-로세
몬타-로세 스튜디오의 공동 편집자이자 프로듀서. 촬영과 편집에 뛰어난 감각을 지닌 영상 전문가이다.
세바스티앙 몬타-로세
산악 가이드이자 영화감독. 20편 이상의 다큐멘터리와 탐험 영화를 제작했으며, 다수의 국제영화제에서 수상한 바 있다.","Davina Beyloos Montaz-Rosset
Co-editor and producer of Montaz-Rosset Studio films, known for her sharp visual sense in filming and editing.
Sébastien Montaz-Rosset
Mountain guide and filmmaker. He has produced 20+ expedition documentaries, many of which have won international awards."
산 Mountain,MT,아웃 오브 더 블루,Out of the Blue,영화정보,France | 2020 | 44min | Color | Documentary | Asian Premiere,
산 Mountain,MT,웰컴 투 더 피트,Welcome to the Pit,작품명,웰컴 투 더 피트,Welcome to the Pit
산 Mountain,MT,웰컴 투 더 피트,Welcome to the Pit,프로그램 노트,옐로나이프의 혹한은 상상하기 힘들 정도로 매섭다. 이런 척박한 환경 속에서 자갈 채취장을 스노보드 로프 토 시설로 탈바꿈시켰다. 그들은 공동체 의식과 아이디어로 지역 문화를 재창조해 냈다.,"The bitter cold of Yellowknife is beyond imagination, yet in this harsh environment they transformed a gravel pit into a snowboard rope tow. Through community spirit and creativity, they reinvented local culture."
산 Mountain,MT,웰컴 투 더 피트,Welcome to the Pit,노트 작성자,프로그래머 이정진,"Jinna Lee, Programmer"
산 Mountain,MT,웰컴 투 더 피트,Welcome to the Pit,감독명,세스 길리스,Seth Gillis
산 Mountain,MT,웰컴 투 더 피트,Welcome to the Pit,바이오,샌프란시스코 출신의 영화감독. 학생이자 환경운동가로 브리티시컬럼비아주 스쿼미시에 살고 있다. 전공인 환경지리학과 영화의 힘을 합쳐 자연과 인간의 상호작용을 이야기하고 환경 문제에 대한 대중 담론에 영향을 미치고자 한다.,"Hailing from San Francisco, a filmmaker, student, and environmentalist now calls Squamish, BC home. His aim is to merge their Environmental Geography degree with the power of film to tell stories of human interaction with nature, hoping to influence public discourse on environmental issues."
산 Mountain,MT,웰컴 투 더 피트,Welcome to the Pit,영화정보,Canada | 2024 | 15min | Color | Documentary | Asian Premiere,
산 Mountain,MT,지금 당신이 만지는 것-인수봉,What You are Touching Now - Insubong Peak,작품명,지금 당신이 만지는 것-인수봉,What You are Touching Now - Insubong Peak
산 Mountain,MT,지금 당신이 만지는 것-인수봉,What You are Touching Now - Insubong Peak,프로그램 노트,"미술관에 들어온 인수봉의 거대한 허물. 바위의 몸체를 직감케 하는 이 작품은 기후 위기를 기록한 탁본이자, 접촉으로 이해한 타자의 생생한 피부 껍질이다. 오랫동안 산을 마주한 작가는 연약한 인간의 몸과 광활한 바위가 만나 빚어내는 그 촉감과 감각을 구현하고자 했다.","A great cocoon of Insubong Peak in the gallery. This work is both a rubbing that documents the climate crisis and a vivid skin of the Other, understood through touch. Having long engaged with the mountains, the artist sought to embody the sensation and tactile experience born from the encounter between the fragile human body and immense stone."
산 Mountain,MT,지금 당신이 만지는 것-인수봉,What You are Touching Now - Insubong Peak,노트 작성자,감독 홍이현숙,"Hong Lee Hyun-sook, Director"
산 Mountain,MT,지금 당신이 만지는 것-인수봉,What You are Touching Now - Insubong Peak,감독명,홍이현숙,Hong Lee Hyun-sook
산 Mountain,MT,지금 당신이 만지는 것-인수봉,What You are Touching Now - Insubong Peak,바이오,"조각을 전공한 시각예술가 홍이현숙은 인간 중심의 주류에서 벗어나고자 한다. 일상의 수행을 통해 길어 올린 신체의 잠재력으로 닫힌 것을 뚫고 들어가는 퍼포먼스를 선보이며, 그 과정을 기록한다.","Visual artist Hong Lee Hyun-sook, who majored in sculpture, seeks to move beyond human-centered paradigms. Through daily practices that cultivate the body's latent potential, she stages and documents performances that break into what is closed."
산 Mountain,MT,지금 당신이 만지는 것-인수봉,What You are Touching Now - Insubong Peak,영화정보,Korea | 2025 | 26min | Color | Documentary | World Premiere,
산 Mountain,MT,데스 오브 빌런즈,Death of Villains,작품명,데스 오브 빌런즈,Death of Villains
산 Mountain,MT,데스 오브 빌런즈,Death of Villains,프로그램 노트,"릴락은 카이 라이트너의 클라이밍 활약을 어린 시절부터 기록해 왔다. 이 영화는 성인으로 성장해 가는 카이의 새로운 모습과 섭식 장애라는 어려움, 그리고 그의 가장 큰 클라이밍 도전을 보여준다.",Reel Rock has been documenting Kai Lightner's climbing feats since he was a child. This film shows Kai in a new light as he transitions into adulthood and the challenges he faced with disordered eating and his biggest climb to date.
산 Mountain,MT,데스 오브 빌런즈,Death of Villains,노트 작성자,배급사 릴락,The Reel Rock Team
산 Mountain,MT,데스 오브 빌런즈,Death of Villains,감독명,"닉 로젠, 가레스 “갯츠” 리아","Nick Rosen, Gareth ""Gaz"" Leah"
산 Mountain,MT,데스 오브 빌런즈,Death of Villains,바이오,"닉 로젠
릴락의 파트너이자 작가, 프로듀서로 호평을 받은 장편 다큐멘터리 <알피니스트: 마크-앙드레르클렉>과 <반란의 계곡>의 공동 감독이다. 
가레스 “갯츠” 리아
세계적인 탐험가이자 미국과 멕시코를 오가며 활동하는 열정적인 작가이자 영화감독, 암벽 등반가다.","Nick Rosen
A partner, writer, and producer at Reel Rock. He is co-director of the acclaimed feature-length documentaries The Alpinist and Valley Uprising. 
Gareth “Gaz” Leah
A worldly adventurer, passionate writer, filmmaker, and rock climber living between the USA and Mexico."
산 Mountain,MT,데스 오브 빌런즈,Death of Villains,영화정보,USA | 2025 | 37min | Color | Documentary | Korean Premiere,
산 Mountain,MT,마운틴 보이,Son of Mountains,작품명,마운틴 보이,Son of Mountains
산 Mountain,MT,마운틴 보이,Son of Mountains,프로그램 노트,"이 영화는 인간의 신체적 한계가 절망을 초래해서는 안 된다는 메시지를 전한다. 이 소년은 다리에 장애가 있지만 산을 사랑하고 환경운동에 참여하는 영웅이자 산악인이다. 그리고 마지막으로, 지구를 지키기 위해 노력해야 한다고 말하고 싶다.","The film tries to say that human physical limitations should not cause despair. A boy with a leg problem loves the mountains. He is an environmental activist... and he is a hero and a mountaineer... And finally, we should all work to preserve the earth."
산 Mountain,MT,마운틴 보이,Son of Mountains,노트 작성자,배급 담당 알리레자 샤로키,"Alireza Shahrokhi, Distributor"
산 Mountain,MT,마운틴 보이,Son of Mountains,감독명,에산 카마르카니,Ehsan Kamarkhani
산 Mountain,MT,마운틴 보이,Son of Mountains,바이오,"1991년 11월 출생으로 이란 서부의 일람 출신 쿠르드계 감독이다. 그의 작품으로는 <셰이크 마쿠>, <타이거 타타미>, <가버린 겨울>, <마운틴 보이>, <그가 세상을 보는 법> 등이 있으며 인물 다큐멘터리에 큰 관심을 두고 있다.","Ehsan Kamarkhani was born in November 1991. He is originally Kurdish and comes from Ilam province in western Iran. Among the documentaries he has made are: Sheikh Makhoo, Tiger Tatami, The Winter That Gone, Son of Mountains, How He Sees the World, and he is most interested in portrait documentaries."
산 Mountain,MT,마운틴 보이,Son of Mountains,영화정보,Iran | 2024 | 29min | Color | Documentary | Korean Premiere,
산 Mountain,MT,세상을 향해 슛!,Girls Move Mountains,작품명,세상을 향해 슛!,Girls Move Mountains
산 Mountain,MT,세상을 향해 슛!,Girls Move Mountains,프로그램 노트,<세상을 향해 슛!>은 파키스탄 산악지대의 여자 축구 리그 대표인 카리시마 자매의 이야기를 따라간다. 사회 규범에 도전하며 자유를 위해 싸우는 그들을 통해 전 세계 여성들에게 영감을 주고 힘을 실어주고자 한다.,"Girls Move Mountains inspires and empowers girls worldwide by following Karishma and her sister, leaders of the Women’s Football League in a mountainous region of Pakistan, as they defy social norms and fight for freedom."
산 Mountain,MT,세상을 향해 슛!,Girls Move Mountains,노트 작성자,감독 아나 루이스,"Anna Huix, Director"
산 Mountain,MT,세상을 향해 슛!,Girls Move Mountains,감독명,아나 루이스,Anna Huix
산 Mountain,MT,세상을 향해 슛!,Girls Move Mountains,바이오,"감독 겸 사진작가로 뉴욕 파슨스스쿨을 졸업했다. 파리, 뉴욕, 런던을 거쳐 현재 바르셀로나를 기반으로 활동 중이다. 인물과 여행 사진 전문으로 세계적인 매체에 작품이 소개되고 있다. 파키스탄과 카라코람산맥에 깊은 애정을 가지고 있다.","Anna Huix, a director and photographer, graduated with honors from Parsons NYC. Having lived in Paris, New York, and London, she now works from Barcelona. Specializing in portraiture and travel, her work features in top publications and global brands. She is passionate about Pakistan and the Karakoram Mountains."
산 Mountain,MT,세상을 향해 슛!,Girls Move Mountains,영화정보,Spain | 2023 | 21min | Color | Documentary | Asian Premiere,
산 Mountain,MT,자연이라는 집,Dom / Home,작품명,자연이라는 집,Dom / Home
산 Mountain,MT,자연이라는 집,Dom / Home,프로그램 노트,"<자연이라는 집>은 매 순간 잠시 멈추어 듣고, 느낄 수 있는 여정으로 관객을 초대한다. 이야기의 속도와 교훈적인 장치를 내려놓음으로써, 감정과 사유의 공간이 된 이 영화는 인간과 자연의 연대에 대한 개인적 탐구를 독려한다.","Dom / Home is a cinematic invitation to a journey where each moment becomes an opportunity to pause, listen, and feel. By renouncing narrative speed and didactic cues, our film becomes a space for emotion and reflection, encouraging a personal search for humanity’s bond with the natural world."
산 Mountain,MT,자연이라는 집,Dom / Home,노트 작성자,"감독 알렉산드라 포바라츠, 율리아 포바라츠","Aleksandra Powalacz, Julia Powalacz, Director"
산 Mountain,MT,자연이라는 집,Dom / Home,감독명,"알렉산드라 포바라츠, 율리아 포바라츠","Aleksandra Powalacz, Julia Powalacz"
산 Mountain,MT,자연이라는 집,Dom / Home,바이오,"알렉산드라 포바라츠
암스테르담 기반의 사진작가이자 영상 작가로 그녀의 이야기는 서로 연결되어 있는 우리의 현실 속, 감각과 감정의 미묘한 차이를 탐구한다. 
율리아 포바라츠
암스테르담대학교에서 영화학 석사 과정을 밟는 중이다.","Aleksandra Powalacz
An Amsterdam-based photographer and video artist. Her narratives explore the nuances of perception and emotion within our interconnected reality.
Julia Powalacz
A University of Amsterdam is now pursuing a Master’s in Film Studies. She works across paintings, drawings, and film."
산 Mountain,MT,자연이라는 집,Dom / Home,영화정보,"Poland, The Netherlands | 2025 | 15min | Color, B&W | Documentary | International Premiere",
산 Mountain,MT,카자흐스탄 산악 원정대,Patagonia: Summit Reached,작품명,카자흐스탄 산악 원정대,Patagonia: Summit Reached
산 Mountain,MT,카자흐스탄 산악 원정대,Patagonia: Summit Reached,프로그램 노트,"이 영화는 카자흐스탄 출신 주인공의 세로 토레 첫 등반을 담았다. 상업화된 알피니즘의 시대, 파타고니아를 가로지르는 친구들의 대담한 여정을 통해 자유와 산에 대한 존중, 그리고 자신의 한계를 넘어서는 등반의 진정한 정신을 되새기게 한다.","This film captures the first Kazakh ascent of Cerro Torre, a bold journey of friends through Patagonia that, amid commercialized alpinism, brings us back to climbing’s true spirit: self-overcoming, freedom, and respect for the mountains."
산 Mountain,MT,카자흐스탄 산악 원정대,Patagonia: Summit Reached,노트 작성자,감독 드니 루키안추크,"Denis Lukyanchuk, Director"
산 Mountain,MT,카자흐스탄 산악 원정대,Patagonia: Summit Reached,감독명,드니 루키안추크,Denis Lukyanchuk
산 Mountain,MT,카자흐스탄 산악 원정대,Patagonia: Summit Reached,바이오,"1991년 카자흐스탄 알마티 출생으로 산과 인연이 깊은, 노련한 산악인이자 프로듀서다. 필름자사의 프로듀서로 활동 중이며, 영화 <산들의 부름>의 아이디어를 구상했다.","Denis Lukyanchuk was born in 1991 in Almaty, Kazakhstan. He is an experienced mountaineer and producer with a deep connection to the mountains. He is the author of the film idea for Zovut Gory and the producer of the film Jasa."
산 Mountain,MT,카자흐스탄 산악 원정대,Patagonia: Summit Reached,영화정보,Kazakhstan | 2024 | 38min | Color | Documentary | Korean Premiere,
산 Mountain,MT,충분해,Far Enough,작품명,충분해,Far Enough
산 Mountain,MT,충분해,Far Enough,프로그램 노트,"22세의 장 루오는 샤모니에서 네팔의 아마다블람까지 자전거를 타고 가기로 결심한다. 이것은 고독과 끈기로 점철된, 한계를 뛰어넘는 긴 여정이다.","Jean Rouaux, 22 years old, decides to leave Chamonix by bike and travel all the way to Ama Dablam in Nepal to climb it. A long journey marked by solitude, effort, and pushing one's limits."
산 Mountain,MT,충분해,Far Enough,노트 작성자,감독 쥘리엥 꺄로,"Julien Carot, Director"
산 Mountain,MT,충분해,Far Enough,감독명,쥘리엥 꺄로,Julien Carot
산 Mountain,MT,충분해,Far Enough,바이오,"파리를 중심으로 활동하는 독립 영화감독. 여러 뮤직비디오와 단편 실험 영화를 연출했으며, 다양한 프로젝트의 후반 작업에 참여했다. <충분해>는 그의 첫 번째 다큐멘터리 영화다.","Julien Carot is an independent filmmaker based in Paris. He has directed several music videos and experimental short films, while also contributing to a wide range of projects through various post-production roles. Far Enough is his first documentary film."
산 Mountain,MT,충분해,Far Enough,영화정보,France | 2025 | 29min | Color | Documentary | Asian Premiere,
자연 Nature,NA,시인의 마음,Always,작품명,시인의 마음,Always
자연 Nature,NA,시인의 마음,Always,시놉시스,"중국의 가난한 가정에서 태어난 공유빈은 생후 3개월 이후로 엄마를 본 적이 없다. 학교 수업을 계기로 그는 상상과 탐구를 통해 시를 쓰는 법을 배우며 정서적인 여정을 시작한다. 후난성 시골 마을, 꿈과 가족의 고된 현실에 둘러싸인 공유빈의 성장 과정을 따라가는 <시인의 마음>은 어린 시절을 뒤로하고 성장하여 결국 현실을 마주하는 이야기로, 순수함의 상실을 비유적으로 보여준다.","Gong Youbin was born into a poor Chinese family. He has not seen his mother since he was three months old. Because of a poetry class in school, he embarks on an emotional journey by learning to write poems through his imagination and exploration. By observing his upbringing in the countryside of Hunan, surrounded by dreams and the harsh realities of his family’s struggles, Always  is an allegory for the loss of innocence, as Gong inevitably has to grow up out of childhood and face reality."
자연 Nature,NA,시인의 마음,Always,프로그램 노트,"선형적 서사를 벗어나 질감과 리듬으로 감각적인 세계를 창조해 낸 시네포엠. 강렬한 흑백 이미지와 시골 아이들이 손수 쓴 시를 통해 고난 속에서 어떻게 상상력이 피어나는지 보여준다. 주인공의 어린 시절부터 함께한 이 영화는 회복력과 기억, 예술적 깨달음에 대한 진솔하고 시적인 헌사다.","A cinematic poem that rejects linear narrative, this film creates a sensory world of texture and rhythm. Through striking black-and-white imagery and handwritten poetry from rural children, it reveals how imagination emerges from hardship. Born from the creators’ shared childhoods, it is a sincere and poetic tribute to resilience, memory, and artistic awakening."
자연 Nature,NA,시인의 마음,Always,노트 작성자,프로듀서 린 한센,"Lin Hansen, Producer"
자연 Nature,NA,시인의 마음,Always,감독명,천더밍,Chen Deming
자연 Nature,NA,시인의 마음,Always,바이오,"리셴팅영화학교에서 수학하고 중국 베이징에서 활동 중인 신진 감독이자 촬영 감독. 군더더기 없으면서 도 섬세한 영상미를 특징으로 하며, 개인의 감정과 정체성이 사회적·역사적 맥락 속에서 어떻게 형성되는지 탐구한다.","Chen Deming is an emerging director and cinematographer based in Beijing, China, having studied at the Li Xianting Film School. His work is marked by a restrained yet expressive visual style, exploring themes of personal emotion and identity shaped by broader social and historical forces."
자연 Nature,NA,시인의 마음,Always,영화정보,"USA, France, China, Taiwan | 2025 | 88min | Color, B&W | Documentary | None Premiere",
자연 Nature,NA,토끼 제국,Empire of the Rabbits,작품명,토끼 제국,Empire of the Rabbits
자연 Nature,NA,토끼 제국,Empire of the Rabbits,시놉시스,무사는 튀르키예 시골 마을에서 아버지 베코와 함께 살아간다. 토끼몰이 사냥개 경주를 도우며 근근이 생계를 이어가는 베코는 진단서를 받아 아들의 장애를 증빙하면 정부 장애 연금을 받을 수 있다는 말에 솔깃해진다. 장애를 인정받기 위해 무사는 신체적 장애를 지닌 사람들의 버릇을 흉내내는 법을 배워야만 한다. 무사를 돕는 건 마찬가지로 장애인 행세를 하는 또래 소녀 네르기스다.,"Musa lives with his father, Beko, in rural Turkey. Beko, struggling to make ends meet by assisting in rabbit-hound races, is lured by the promise of a government disability pension for Musa if he can prove his son’s “disability” with a medical report. To pass as disabled, Musa must learn to mimic the mannerisms of people with physical disabilities from Nergis, a girl his age, who also pretends to be disabled."
자연 Nature,NA,토끼 제국,Empire of the Rabbits,프로그램 노트,"아이들을 통해 사회 본질의 변화에 의문을 제기하는 것이 의미 있는 주제라고 생각해 <토끼 제국>을 만들게 되었다. 어린 무사의 감정과 시선을 통해 남성 권력 중심의 작은 지역에서조차, 여성이 없는 삶이 세상을 어떻게 어둠으로 바꾸고 무감각하게 만들며 모든 색을 지워버리는지 이야기하고 싶었다.","I created Empire of the Rabbits because I believe that questioning the changing nature of society through children is a meaningful subject for filmmaking. Through the feelings and gaze of a boy Musa I wanted to tell how a life without women, even in a small area where men are powerful, turns the world into darkness, how it becomes numb, how colors disappear."
자연 Nature,NA,토끼 제국,Empire of the Rabbits,노트 작성자,감독 세페틴 토크막,"Seyfettin Tokmak, Director"
자연 Nature,NA,토끼 제국,Empire of the Rabbits,감독명,세페틴 토크막,Seyfettin Tokmak
자연 Nature,NA,토끼 제국,Empire of the Rabbits,바이오,"튀르키예 출신 작가 겸 감독으로 섬세하고 인간적인 서사로 유명하며 튀르키예의 소외된 사람들과 사회 문제를 주로 다룬다. 장편 데뷔작 <부서진 홍합>으로 사라예보영화제에서 아르테상을 수상했고, 최신작 <토끼 제국>으로 탈린블랙나이츠영화제에서 최우수 각본상과 촬영상을 수상했다.","Seyfettin Tokmak is a Turkish writer & director known for his sensitive and humanistic storytelling, often focusing on marginalized individuals and social issues in Turkey. His debut feature Broken Mussels won the Arte Award at Sarajevo IFF. His latest film, Empire of the Rabbits, won Best Screenplay and Cinematography at Tallinn Black Nights IFF."
자연 Nature,NA,토끼 제국,Empire of the Rabbits,영화정보,"Turkey, Mexico, Croatia | 2024 | 94min | Color | Fiction | Korean Premiere",
자연 Nature,NA,헌터 브라더스,Hunter Brothers,작품명,헌터 브라더스,Hunter Brothers
자연 Nature,NA,헌터 브라더스,Hunter Brothers,시놉시스,"린샹과 린청 형제는 산에서 벌어진 한 사건으로 인해 인생이 송두리째 뒤바뀐다. 린청은 아버지를 살해한 혐의로 감옥에 가고, 린샹은 의사 면허를 취득해 마을을 위해 헌신한다. 7년의 수감생활을 마친 린청이 출소하면서, 두 형제는 자신들이 저지른 죄의 대가를 마주하게 된다.","Lin Hsiang and Lin Cheng are brothers whose lives are completed changed by an accident that took place in the mountains. Lin Cheng goes to prison for killing their father, while Lin Hsiang successfully becomes a licensed doctor and serves their village. After seven years in jail, Lin Cheng is finally released. These two brothers must now face the consequences for the crime they committed."
자연 Nature,NA,헌터 브라더스,Hunter Brothers,프로그램 노트,"최근 몇 년 동안 기업들이 개발을 위해 원주민 지역으로 진출하면서 많은 모순과 갈등이 있었을 것이다. 이 영화는 탈식민주의, 환경 문제, 문화 충돌 속의 투쟁과 같은 현대 사회의 갈등을 반영하고자 한다.","In recent years, while the companies go to the tribal area for development, there must be a lot of contradictions and conflicts. This film is meant to reflect the current conflicts including the struggles in postcolonialism, environment and cultural clashes, in the modern world."
자연 Nature,NA,헌터 브라더스,Hunter Brothers,노트 작성자,감독 수홍은,"Su Hung-en, Director"
자연 Nature,NA,헌터 브라더스,Hunter Brothers,감독명,수홍은,Su Hung-en
자연 Nature,NA,헌터 브라더스,Hunter Brothers,바이오,세신대학교에서 방송영상학 석사 학위를 받았다. 대만 원주민과 비원주민 부모 사이에서 태어나 두 정체성을 오가며 성장한 경험은 그가 세상을 다양한 관점에서 바라보게 해주었다. 전작 <땅>은 2018 클레르몽페랑국제단편영화제에 공식 초청되었다.,"Su Hung-en, received his MFA degree of Radio, Television and Film in Shih Hsin University. He’s born to mixed indigenous Taiwanese parents. Constant switching between these two identities helps him to see this world from different perspectives. His previous short film The Land screened at the 2018 Clermont-Ferrand ISFF."
자연 Nature,NA,헌터 브라더스,Hunter Brothers,영화정보,Taiwan | 2024 | 110min | Color | Fiction | Korean Premiere,
자연 Nature,NA,브레니의 목축 일기,How to Lease a Cow,작품명,브레니의 목축 일기,How to Lease a Cow
자연 Nature,NA,브레니의 목축 일기,How to Lease a Cow,시놉시스,"한때 번성했던 스위스 구탄넨의 농촌 마을. 브레니는 처음으로 마을 밖 도시 사람에게 소 한 마리를 임대한다. 이 다큐멘터리는 고산 지역 사회가 경제 변화에 어떻게 적응해 왔는지 탐구하며, 특히 수력 발전 산업이 500년 된 공동 농업 시스템에 끼친 영향을 파고든다. 역사적으로 쿠탄넨의 모든 사람들은 농업에 의존해 왔지만, 지역 수력 발전 기업의 등장으로 기존 생활 방식과 마을의 농업 정체성은 흔들리게 되었다.","For the first time, Vreni leases a cow to someone from the city outside of her once-thriving farming village of Guttannen, Switzerland. This documentary explores how the alpine community has adapted to economic changes, focusing on the impact of the hydropower industry on the village’s 500-year-old communal farming system. Historically, everyone in Guttannen relied on farming. However, the arrival of the regional hydropower company disrupted this way of life and the village’s farming identity."
자연 Nature,NA,브레니의 목축 일기,How to Lease a Cow,프로그램 노트,"이 영화는 수력 발전이 농촌 사회에 미치는 영향을 탐구하며 500년간 유지해 온 농업 시스템의 상실을 드러낸다. 이러한 탐구의 일환으로, 도시의 영화 제작진은 고산 지역의 삶에 다가가기 위해 소 한 마리를 임차한다.","The film examines the effects of hydro energy on rural communities, uncovering the loss of a 500-year-old farming system. As part of their inquiry, urban filmmakers lease a cow to engage with alpine life."
자연 Nature,NA,브레니의 목축 일기,How to Lease a Cow,노트 작성자,"감독 리브니 홀츠, 세바스티앙 라이니케, 니콜라스 자일러","Livni Holtz, Sebastian Reinicke, Nicolas Seiler, Director"
자연 Nature,NA,브레니의 목축 일기,How to Lease a Cow,감독명,"리브니 홀츠, 세바스티앙 라이니케, 니콜라스 자일러","Livni Holtz, Sebastian Reinicke, Nicolas Seiler"
자연 Nature,NA,브레니의 목축 일기,How to Lease a Cow,바이오,건축가와 디자이너로 구성된 팀. 에너지 문화경관에 얽힌 사회문화적 현상들의 점진적인 변화와 적응 과정을 탐구한다. 영화와 공공 개입을 통해 에너지 시설의 영향을 가장 크게 받는 농촌 지역 사회와 도시 주민 간의 담론을 촉구하고자 한다.,"Together, we are a team of architects and designers who examine processes of gradual change and adaptation of social and cultural phenomena within energy cultural landscapes. Through film and public interventions, we aim to foster discourse between rural communities that are most affected by energy landscapes and the urban population."
자연 Nature,NA,브레니의 목축 일기,How to Lease a Cow,영화정보,The Netherlands | 2024 | 28min | Color | Documentary | Asian Premiere,
자연 Nature,NA,맑은 물을 찾아서!,Dream to Cure Water,작품명,맑은 물을 찾아서!,Dream to Cure Water
자연 Nature,NA,맑은 물을 찾아서!,Dream to Cure Water,시놉시스,페루의 주요 수자원인 열대 빙하가 급격히 줄어들고 있다. 지난 50년간 전체 면적의 40%가 사라졌으며 모든 빙하가 소멸 위기에 처해 있다. 빙하가 녹으며 새로 드러난 암석에서 물을 오염시키는 중금속이 흘러나와 강과 식수는 독성을 띠게 되었다. 영화는 멀리 떨어진 두 산악 공동체가 선조의 지혜와 최첨단 과학을 결합하여 위기에 대응해 나가는 이야기를 들려준다.,"Peru’s tropical glaciers, a crucial water source for the nation, are rapidly disappearing. 40% of their surface area has vanished in the last 50 years, and all are under threat. As they melt, the water becomes contaminated with heavy metals from newly exposed rock, poisoning rivers and drinking water. This film tells the story of two remote mountain communities adapting to the crisis by combining ancestral tradition with state-of-the-art science."
자연 Nature,NA,맑은 물을 찾아서!,Dream to Cure Water,프로그램 노트,빙하 해빙으로 인해 물 부족 문제에 직면한 안데스 원주민 공동체의 회복력을 시적으로 그려낸 작품. 선조의 지혜와 과학이 만나 기후 변화에 적응해 가는 힘 있는 여정을 그려낸다.,"A poetic portrait of resilience from the Andes, where Indigenous communities fight water scarcity caused by glacial melt. This film explores how ancestral knowledge and science merge in a powerful act of climate adaptation."
자연 Nature,NA,맑은 물을 찾아서!,Dream to Cure Water,노트 작성자,감독 시릴 야즈벡,"Ciril Jazbec, Director"
자연 Nature,NA,맑은 물을 찾아서!,Dream to Cure Water,감독명,시릴 야즈벡,Ciril Jazbec
자연 Nature,NA,맑은 물을 찾아서!,Dream to Cure Water,바이오,"1987년 슬로베니아 출생. 섬세한 스토리텔링을 통해 기후변화 대응력을 탐구하는 작가이자 감독. 2014년부터 내셔널 지오그래픽 탐험가로 활동해 왔다. 그린란드, 알래스카, 안데스산맥 배경의 작품으로 여러 상을 받았으며, 「내셔널 지오그래픽 매거진」, 「뉴욕 타임스」, 「타임지」에 소개된 바 있다.","Born in Slovenia in 1987, Ciril Jazbec is a photographer and film director exploring climate resilience through intimate storytelling. A National Geographic Explorer since 2014, his award-winning work spans Greenland, Alaska, and the Andes, and has been featured in National Geographic Magazine, The New York Times, and TIME."
자연 Nature,NA,맑은 물을 찾아서!,Dream to Cure Water,영화정보,Slovenia | 2023 | 22min | Color | Documentary | Asian Premiere,
자연 Nature,NA,버터플라이 부탄,Butterfly Bhutan,작품명,버터플라이 부탄,Butterfly Bhutan
자연 Nature,NA,버터플라이 부탄,Butterfly Bhutan,시놉시스,"<버터플라이 부탄>은 부탄의 수도 팀푸에서 나무에 기도 깃발을 다는 해로운 관행에 조용히 맞서는 불교 신자 소남 푼초의 이야기를 따라간다. 소남의 이야기는 한 개인의 조용한 헌신이 어떻게 공동체적 변화를 이끌어 낼 수 있는지, 그리고 신앙과 자연 사이의 조화를 어떻게 다시 이뤄가는지 보여준다.","Butterfly Bhutan follows Sonam Phuntsho, a devoted Buddhist who quietly battles a harmful tradition of hoisting prayer flags on the trees in Thimphu, Bhutan’s capital city. Sonam’s journey reflects how one person’s quiet commitment can inspire collective action and restore balance between faith and nature."
자연 Nature,NA,버터플라이 부탄,Butterfly Bhutan,프로그램 노트,<버터플라이 부탄>은 기도 깃발이라는 관행에서 나무를 보호하려는 소남 푼초의 이타적 사명에서 영감을 받았다. 이 영화는 전통을 성찰하며 문화와 환경을 모두 존중하는 책임감 있는 행동을 촉구한다.,"Butterfly Bhutan was inspired by Sonam Phuntsho’s selfless mission to save trees from harmful prayer flag practices. The film advocates mindful traditions, urging respect for both culture and environment through responsible action."
자연 Nature,NA,버터플라이 부탄,Butterfly Bhutan,노트 작성자,감독 소남 양좀,"Sonam Yangzom, Director"
자연 Nature,NA,버터플라이 부탄,Butterfly Bhutan,감독명,소남 양좀,Sonam Yangzom
자연 Nature,NA,버터플라이 부탄,Butterfly Bhutan,바이오,"부탄의 영화감독이자 저널리스트. 부탄에서 비평가들의 호평과 함께 여러 상을 받은 <장관>과 <저주>, <버터플라이 부탄>을 비롯하여 다수의 극영화와 다큐멘터리를 연출했다.","Sonam Yangzom is a Bhutanese filmmaker and journalist. Sonam has directed numerous documentaries and feature films, with her works Butterfly Bhutan, The Curse, and Lyonpo receiving critical acclaim and awards within the country."
자연 Nature,NA,버터플라이 부탄,Butterfly Bhutan,영화정보,Bhutan | 2024 | 30min | Color | Documentary | Korean Premiere,
개막작 Opening Film,OF_CF,걸 클라이머,Girl Climber,작품명,걸 클라이머,Girl Climber
개막작 Opening Film,OF_CF,걸 클라이머,Girl Climber,시놉시스,"남성 중심의 스포츠에서 자신을 증명해야 한다는 압박 속에, 에밀리 해링턴은 요세미티 엘 캐피탄을 24시간 안에 등반하겠다는 야심 찬 목표를 세운다.","With the pressure to prove herself in a male dominated sport, Emily Harrington sets an ambitious goal, a 24-hour ascent of Yosemite’s El Capitan."
개막작 Opening Film,OF_CF,걸 클라이머,Girl Climber,프로그램 노트,"<걸 클라이머> 는 에밀리 해링턴의 24시간 엘 캐피탄 등반을 따라가는 작품이다. 야망, 회복력, 심판을 그린 이 이야기는 엘리트 등반의 장벽을 허물고 역사의 한 자리를 차지하기 위해 무엇이 필요한지 보여준다.","Girl Climber follows Emily Harrington’s bold 24-hour ascent of El Capitan, an intimate portrait of ambition, resilience, and breaking barriers in elite climbing, as she fights to make history."
개막작 Opening Film,OF_CF,걸 클라이머,Girl Climber,감독명,존 글래스버그,Jon Glassberg
개막작 Opening Film,OF_CF,걸 클라이머,Girl Climber,바이오,"감독이자 촬영 감독, 전직 프로 클라이머로 전 세계 아웃도어 스포츠를 기록해 왔다. 자신의 회사 라우더댄11을 통해 엘 캐피탄 자유 등반을 9회 촬영하고, 극한 환경 속에서 세계 정상급 선수들의 역사적인 순간을 담아냈다.","Jon Glassberg is a director, cinematographer, and former pro climber who documents outdoor sports worldwide. Through his company, Louder Than 11, he’s filmed nine El Capitan free ascents and captured historic moments with top athletes in extreme environments."
개막작 Opening Film,OF_CF,걸 클라이머,Girl Climber,영화정보,Austria | 2025 | 83min | Color | Documentary | Asian Premiere,
개막작 Opening Film,OF_CF,"세상 끝까지, 470km",Run for Life,작품명,"세상 끝까지, 470km",Run for Life
개막작 Opening Film,OF_CF,"세상 끝까지, 470km",Run for Life,시놉시스,"딸을 치료하기 위해 울트라마라톤에 뛰어든 한 아버지의 가슴 따뜻한 사랑 이야기. 베이루트 항구 폭발 사고의 여파 속, 59세의 나이로 딸 사리아가 기다리는 결승선을 향하여 470km의 험준한 레바논 마운틴 트레일을 달리는 그의 장대한 여정이 펼쳐진다.","This heartwarming love story follows a father who turns to ultra-running in his quest to find a cure for his daughter’s condition. At the age of 59, in the aftermath of the Beirut Port Explosion of August 4, he embarks on an epic journey to run the Lebanon Mountain Trail (470 kilometers of rugged terrain), with his daughter Saria as his medal at the finish line."
개막작 Opening Film,OF_CF,"세상 끝까지, 470km",Run for Life,프로그램 노트,이 이야기는 우리 모두의 내면에 잠재된 추진력을 다시 일깨워 준다.,This story helps us reconnect with the potential power that exists within all of us to push through.
개막작 Opening Film,OF_CF,"세상 끝까지, 470km",Run for Life,감독명,바샤르 카타르,Bachar Khattar
개막작 Opening Film,OF_CF,"세상 끝까지, 470km",Run for Life,바이오,"2009년부터 촬영감독으로, 2017년부터는 감독이자 프로듀서로 활동하고 있다. 세인트조지프대학교에서 영상예술을 전공했으며 장편 다큐멘터리 <세상 끝까지, 470km>와 단편 <사마>를 연출하여 여러 영화제에서 선보였다.","Bachar Khattar has worked as a cinematographer since 2009 and as a director-producer since 2017. He studied Audiovisual Arts at Saint Joseph University. His works include Run for Life, and Sama."
개막작 Opening Film,OF_CF,"세상 끝까지, 470km",Run for Life,영화정보,Lebanon | 2025 | 78min | Color | Documentary | Asian Premiere,
"10년, 10편 10 years, 10 films",R10,꼬마산의 기적,Some Thing,작품명,꼬마산의 기적,Some Thing
"10년, 10편 10 years, 10 films",R10,꼬마산의 기적,Some Thing,시놉시스,"기름과 금, 불은 위풍당당한 거인 산들이 지닌 보물이다. 하지만 꼬마 산에게 그런 건 언감생심. 그저 작고, 이상하고, 쓸모없는 무언가를 소유하고 있을 뿐이다.","Oil, gold and fire are the treasures inside the proud giant mountains. For the little mountain it’s impossible to keep up with that. He's just in possession of this tiny, strange and useless some thing."
"10년, 10편 10 years, 10 films",R10,꼬마산의 기적,Some Thing,프로그램 노트,"아무리 가진 것이 작아도 욕심과 비교에서 벗어나 자신만의 소중함을 받아들일 때, 다시 한번 성장할 수 있다는 교훈을 전하는 온 가족을 위한 동화.

UMFF2020 상영작 Screening","This is a family-friendly tale that teaches the lesson that, no matter how small what you have may be, you can grow once more when you let go of greed and comparison and embrace your own worth."
"10년, 10편 10 years, 10 films",R10,꼬마산의 기적,Some Thing,노트 작성자,프로그래머 이정진,"Jinna Lee, Programmer"
"10년, 10편 10 years, 10 films",R10,꼬마산의 기적,Some Thing,감독명,엘레나 왈프,Elena Walf
"10년, 10편 10 years, 10 films",R10,꼬마산의 기적,Some Thing,바이오,"모스크바국립인쇄예술대학교에서 디자인을 전공하고 2004년부터 출판용 일러스트 작업을 시작했다. 그녀의 책 『버디가 사는 곳』은 10년 동안 재출간되었다. 2015년 바덴뷔르템베르크 필름아카데미에서 애니메이션 과정을 졸업했으며, 현재 슈투트가르트에서 감독, 애니메이터, 디자이너로 활동 중이다.","A design graduate of Moscow State University of Printing Arts, Elena began illustrating in 2004 for publishers. Her book Where Birdie Lives was reprinted for a decade. She graduated from Filmakademie Baden-Württemberg (Animation) in 2015 and is now a director, animator, and designer in Stuttgart."
"10년, 10편 10 years, 10 films",R10,꼬마산의 기적,Some Thing,영화정보,Germany | 2015 | 7min | Color | Animation | None Premiere,
"10년, 10편 10 years, 10 films",R10,굿 하트,Good Heart,작품명,굿 하트,Good Heart
"10년, 10편 10 years, 10 films",R10,굿 하트,Good Heart,시놉시스,"태고의 숲속, 어느 원시인 가족이 살고 있다. 원시인 엄마는 엄격하고, 거칠고, 우울하다. 엄마의 바람은 단 하나, 가족 모두가 배불리 먹고 건강한 것. 그러던 어느 날, 아들이 강아지를 데려오면서 모든 것이 달라지기 시작한다.","In one primeval forest lives one primitive family. Mom is strict, wild and gloomy in this family. All she wants is that everyone was full and healthy. But one day everything changes when her son brings a puppy home..."
"10년, 10편 10 years, 10 films",R10,굿 하트,Good Heart,프로그램 노트,"이 영화는 원시 시대를 배경으로, 크레파스로 그린 듯한 거친 질감의 드로잉으로 ‘공존’이라는 주제를 표현한다. 대사가 없어도 남녀노소 누구나 공감할 보편적 가치를 담아낸 영화.

UMFF2020 상영작 Screening","This film is set in the prehistoric era and uses rough, crayon-like textures in its drawings to convey the theme of “coexistence.” Even without dialogue, it expresses universal values that resonate with people of all ages."
"10년, 10편 10 years, 10 films",R10,굿 하트,Good Heart,노트 작성자,프로그래머 이정진,"Jinna Lee, Programmer"
"10년, 10편 10 years, 10 films",R10,굿 하트,Good Heart,감독명,에브게니아 이르코바,Evgeniya Jirkova
"10년, 10편 10 years, 10 films",R10,굿 하트,Good Heart,바이오,제333리세움에서 A. 솔로비요바의 지도 아래 퍼핏 애니메이션을 공부했다. 영화방송대학 방송영상연출학부를 졸업했으며 이후 S. 도로고프 애니메이션 과정을 수료했다. 2015년부터 SMF 애니메이션 스튜디오의 프로그램에 참여했다.,"She studied at Lyceum No. 333 and trained in puppet animation under A. Solovieva. She graduated from the Faculty of Television and Multimedia Directing at the Film and Television Institute and continued her animation studies in courses by S. Dorogov. Since 2015, she participated in the experimental youth courses at SMF Animation."
"10년, 10편 10 years, 10 films",R10,굿 하트,Good Heart,영화정보,Russia | 2018 | 6min | Color | Animation | None Premiere,
"10년, 10편 10 years, 10 films",R10,가을의 마지막 날,The Last Day of Autumn,작품명,가을의 마지막 날,The Last Day of Autumn
"10년, 10편 10 years, 10 films",R10,가을의 마지막 날,The Last Day of Autumn,시놉시스,"숲속의 동물들이 버려진 자전거 부품을 모아 자신에게 맞는 탈것을 만든다. 가을의 마지막 날, 멋진 경주가 열린다.",Forest animals secretly collect abandoned bike parts with the intention of building vehicles that fit their size. A great race is preparing. The last day of Autumn's race.
"10년, 10편 10 years, 10 films",R10,가을의 마지막 날,The Last Day of Autumn,프로그램 노트,"계절의 변화를 동물들의 경주로 표현한 이 애니메이션은, 전통적인 2D 애니메이션 스타일로 동화적이며 따뜻한 메시지를 담은 작품을 만드는 감독의 대표작 중 한 편이다.

UMFF2019 상영작 Screening","This animation portrays the changing seasons through an animal race and stands as the director’s signature work, renowned for its traditional 2D style and fairy-tale warmth."
"10년, 10편 10 years, 10 films",R10,가을의 마지막 날,The Last Day of Autumn,노트 작성자,프로그래머 이정진,"Jinna Lee, Programmer"
"10년, 10편 10 years, 10 films",R10,가을의 마지막 날,The Last Day of Autumn,감독명,마르졸렌 페르텐,Marjolaine Perreten
"10년, 10편 10 years, 10 films",R10,가을의 마지막 날,The Last Day of Autumn,바이오,"1990년 스위스 로잔에서 태어난 마르졸렌은 나다스디 필름에서 애니메이션 영화감독으로 활동하고 있으며, 마르셀 바렐리의 첫 장편 <메리 애닝>(2025)의 아트 디렉터를 맡은 후, 현재 일곱 번째 단편 영화 <특이점>을 작업 중이다.","Born in 1990 in Lausanne, Marjolaine has been working at Nadasdy Film studio as an animation film director. Art-directed Marcel Barelli's first feature film Mary Anning(2025) and she is currently working on her seventh short film."
"10년, 10편 10 years, 10 films",R10,가을의 마지막 날,The Last Day of Autumn,영화정보,"Switzerland, Belgium, France | 2018 | 8min | Color | Animation | None Premiere",
"10년, 10편 10 years, 10 films",R10,시험의 길,Viacruxis,작품명,시험의 길,Viacruxis
"10년, 10편 10 years, 10 films",R10,시험의 길,Viacruxis,시놉시스,"험하고 높은 봉우리를 정복해 온 전설적인 등반 듀오, 마르셀과 안제이. 주목받는 마르셀과 그 뒤를 지켜온 안제이는 성격은 다르지만 손발이 척척 맞는다. 이제 그들은 가장 큰 도전에 나선다. 아무도 오르지 못한 세계 최고봉 등정에 성공하려면 거친 장애물과 서로의 존재를 견뎌야만 한다. 하지만 이번만큼은, 안제이는 마르셀의 그림자로 머무르는 것에 만족하지 않는다.","Marcel and Andrezj are a legendary mountaineering duo known for conquering the toughest, highest peaks. Despite their different temperaments, they’ve always worked well together. Marcel in the spotlight, Andrezj in the background. Now, they face their greatest challenge yet: reaching the untouched summit of the world’s highest mountain. To succeed, they must endure harsh obstacles and each other’s company. But this time, Andrezj is no longer content to stay in Marcel’s shadow."
"10년, 10편 10 years, 10 films",R10,시험의 길,Viacruxis,프로그램 노트,"등반을 주제로 꾸준히 단편 애니메이션을 제작해 온 감독의 초기작으로, 일반인은 전문적인 등반 지식이 없어도 주인공의 고군분투에 공감할 수 있으며, 전문 등반가에게는 암벽 등반과 동료애, 유머가 넘치는 이야기.

UMFF2018 상영작 Screening","This early work by a director who has consistently produced short animations on the theme of climbing allows general audiences to empathize with the protagonist’s struggle without any specialized mountaineering knowledge, while offering mountaineers a story full of rock climbing, camaraderie, and humor."
"10년, 10편 10 years, 10 films",R10,시험의 길,Viacruxis,노트 작성자,프로그래머 이정진,"Jinna Lee, Programmer"
"10년, 10편 10 years, 10 films",R10,시험의 길,Viacruxis,감독명,이그나시 로페스 파브레가스,Ignasi López Fàbregas
"10년, 10편 10 years, 10 films",R10,시험의 길,Viacruxis,바이오,"1993년 바르셀로나의 에스콜라 마사나를 졸업하고 <프로젝트 인베스티가도>로 영화 경력을 시 작해 <시험의 길>, <그레이트 마일스톤>, <에고랜드> 등을 연출했다. 현재 <크로노쇼크>를 준비 중이다.","Graduated from Escola Massana in Barcelona in 1993, he began his filmmaking career with Projecte Inbestigadó, followed by titles such as Viacruxis, El gran hito, and Egoland. He is currently developing Kronoshock."
"10년, 10편 10 years, 10 films",R10,시험의 길,Viacruxis,영화정보,"Spain | 2018 | 11min | Color, B&W | Animation | None Premiere",
"10년, 10편 10 years, 10 films",R10,파상: 에베레스트의 그림자,PASANG: In the Shadow of Everest,작품명,파상: 에베레스트의 그림자,PASANG: In the Shadow of Everest
"10년, 10편 10 years, 10 films",R10,파상: 에베레스트의 그림자,PASANG: In the Shadow of Everest,시놉시스,"인종 차별, 성차별, 정치적 반대와 싸우며 네팔 여성 최초로 에베레스트 정상에 오른 원주민 출신의 개척자였던 파상 라무 셰르파의 이야기. 그녀의 용감하고 비극적인 여정은 그녀의 조국에 큰 감동을 주었고, 새로운 세대들이 네팔에서 그들의 권리를 찾기 위해 노력하도록 독려하는 계기가 되었다.","The story of Pasang Lhamu Sherpa, the Indigenous trailblazer who battled racism, gender discrimination, and political opposition in her quest to become the first Nepali woman to summit Mount Everest. Her courageous, tragic journey would greatly move her country, inspiring new generations to reach for their rights."
"10년, 10편 10 years, 10 films",R10,파상: 에베레스트의 그림자,PASANG: In the Shadow of Everest,프로그램 노트,"전기 영화 형식을 빌려 파상 라무 셰르파를 소개한 이 영화는, 그녀가 맞닥뜨린 수많은 역경과 도전을 촘촘히 엮어 보여준다. 풍부한 아카이브 자료를 바탕으로, 가족과 동료의 인터뷰에서 전해지는 생생한 증언이 그녀의 인생과 업적을 더욱 실감 나게 증명한다.

UMFF2023 심사위원특별상 Special Jury Prize","This film, presented in the form of a biographical film, intricately weaves together the countless adversities and challenges that Pasang Lhamu Sherpa faced. Using abundant archival materials and vivid testimonies from family members and colleagues, it powerfully validates her life and achievements."
"10년, 10편 10 years, 10 films",R10,파상: 에베레스트의 그림자,PASANG: In the Shadow of Everest,노트 작성자,프로그래머 이정진,"Jinna Lee, Programmer"
"10년, 10편 10 years, 10 films",R10,파상: 에베레스트의 그림자,PASANG: In the Shadow of Everest,감독명,낸시 스벤센,Nancy Svendsen
"10년, 10편 10 years, 10 films",R10,파상: 에베레스트의 그림자,PASANG: In the Shadow of Everest,바이오,"낸시 스벤센은 미국의 다큐멘터리 감독이자 프로듀서, 음악가, 여성 인권을 위해 힘쓰고 있다. 미네소타 대학교에서 경영학 석사(M.B.A.)를 취득한 후, 스벤센은 20년 넘게 의료 산업에서 종사해 왔다. 그녀의 첫 연출작인 <파상: 에베레스트의 그림자>는 이후 여러 국제 영화제에서 수상한 바 있다.","Nancy Svendsen is an American documentary filmmaker, producer, musician, and advocate for women’s rights. After earning an M.B.A. from the University of Minnesota, Svendsen spent over two decades in the healthcare industry. PASANG: In the Shadow of Everest is her directorial debut and has since won multiple international awards."
"10년, 10편 10 years, 10 films",R10,파상: 에베레스트의 그림자,PASANG: In the Shadow of Everest,영화정보,"USA | 2021 | 72min | Color, B&W | Documentary | None Premiere",
"10년, 10편 10 years, 10 films",R10,애프터 안타티카,After Antarctica,작품명,애프터 안타티카,After Antarctica
"10년, 10편 10 years, 10 films",R10,애프터 안타티카,After Antarctica,시놉시스,북극과 남극을 가로지르는 여행기인 <애프터 안타티카>는 극지방의 변화를 목격한 전설적인 극지 탐험가 윌 스테거의 일생일대의 여정을 따라간다. 지구상의 가장 추운 대륙을 횡단하는 모험을 해낸 지 30년 만에 스테거는 다시 한번 얼음을 향해 나아간다. 그는 이러한 역사적인 위업을 달성한 최초이자 최후의 인물로 알려져 있다.,"A journey across both poles, After Antarctica follows legendary polar explorer Will Steger’s lifelong journey as an eyewitness to the greatest changes to the polar regions of our planet. Now, thirty years after his historic coast-to-coast expedition across the coldest continent on Earth, Steger heads out on the ice once again, at a time when he is not only known for being the first in history to complete these historic feats - he is also the last."
"10년, 10편 10 years, 10 films",R10,애프터 안타티카,After Antarctica,프로그램 노트,"이 영화는 윌 스테거의 1989년 남극 횡단 탐험과 현재의 단독 북극 탐험을 교차 편집해 보여준다. 30년의 시간 차가 만들어낸 그의 깊어진 성찰과 독백은, 과거 아카이브 영상과 어우러져 ‘인간 대 자연’ 서사를 완성한다.

UMFF2022 대상 Grand Prize","This film cross-cuts between Will Steger’s 1989 Antarctic traverse and his current solo Arctic expedition. His 
deepened reflections and monologues, shaped by a 30-year interval, merge with archival footage to complete the “man versus nature” narrative."
"10년, 10편 10 years, 10 films",R10,애프터 안타티카,After Antarctica,노트 작성자,프로그래머 이정진,"Jinna Lee, Programmer"
"10년, 10편 10 years, 10 films",R10,애프터 안타티카,After Antarctica,감독명,타샤 판 잔트,Tasha Van Zandt
"10년, 10편 10 years, 10 films",R10,애프터 안타티카,After Antarctica,바이오,"다큐멘터리 감독, 촬영 감독, 사진 작가이자 에미상 후보에 오른 제작자로 7개 대륙의 다양한 이야기를 기록하고 있다. 첫 다큐멘터리 영화 <애프터 안타티카>는 전설적인 극지 탐험가 윌 스테거의 삶을 따라간다.","Tasha Van Zandt is an award-winning documentary director, cinematographer, photographer and Emmy-nominated producer who has documented stories across all seven continents. Her debut documentary film After Antarctica follows the life of legendary polar explorer Will Steger and his lifelong journey."
"10년, 10편 10 years, 10 films",R10,애프터 안타티카,After Antarctica,영화정보,USA | 2021 | 106min | Color | Documentary | None Premiere,
"10년, 10편 10 years, 10 films",R10,울트라,Ultra,작품명,울트라,Ultra
"10년, 10편 10 years, 10 films",R10,울트라,Ultra,시놉시스,"스파르타슬론은 아테네에서 스파르타까지 246km를 36시간 안에 완주해야 하는 울트라마라톤이다. 전 세계에서 모인 참가자들은 각자 개인적인 이유로 이 극한의 도전에 나선다. 그들은 자신의 한계를 시험하고, 영혼을 치유하며, 내면의 어둠을 떨쳐내려는 평범한 일상의 러너들이다. <울트라>는 이들이 역경을 마주하고 불가능해 보이는 목표에 도전하는 과정을 통해 그들의 마음과 정신 깊숙한 곳까지 여행하게 되는 감동적인 드라마다.","The Spartathlon is a 246km ultramarathon from Athens to Sparta, to be completed within 36 hours. Runners from around the world participate, each with personal reasons to face this extreme challenge. They are everyday athletes testing their limits, healing souls, and expelling demons. Ultra is a touching drama, a unique journey into the hearts and minds of these runners as they confront hardship and strive for the seemingly impossible."
"10년, 10편 10 years, 10 films",R10,울트라,Ultra,프로그램 노트,"이 영화는 감독이자 주인공으로서, 달리기를 통해 자신의 한계에 도전하고 치유의 순간을 몰입감 있게 그려낸다. 다큐멘터리임에도 관객의 긴장감과 몰입을 극대화하며, 울트라마라톤의 극한과 치유를 동시에 체험하게 한다.

UMFF2018 대상 Grand Prize","This film, with the director as its protagonist, immersively portrays his challenge to overcome personal limits through running and his moments of healing. Despite being a documentary, it heightens audience tension and engagement, allowing viewers to experience both the extremity and the catharsis of ultramarathon running."
"10년, 10편 10 years, 10 films",R10,울트라,Ultra,노트 작성자,프로그래머 이정진,"Jinna Lee, Programmer"
"10년, 10편 10 years, 10 films",R10,울트라,Ultra,감독명,발라주 시모니,Balázs Simonyi
"10년, 10편 10 years, 10 films",R10,울트라,Ultra,바이오,1986년 아역배우로 시작해 성우와 더빙 등 헝가리 미디어에서 꾸준히 활동해 왔다. 그의 다큐멘터리 <울트라>는 유럽영화상 후보에 올랐으며 2017년 유럽영화아카데미에서 선정한 올해의 다큐멘터리 15편에 들었다.,"Beginning as a child actor in 1986, Balázs has maintained a continuous presence in Hungarian media through voice acting and dubbing. His documentary Ultra was recognized among the 15 Best Documentaries of 2017 by the European Film Academy and shortlisted for the European Film Award."
"10년, 10편 10 years, 10 films",R10,울트라,Ultra,영화정보,"Hungary, Greece | 2017 | 81min | Color | Documentary | None Premiere",
"10년, 10편 10 years, 10 films",R10,쿰바카르나: 그림자의 벽,The Wall of Shadows,작품명,쿰바카르나: 그림자의 벽,The Wall of Shadows
"10년, 10편 10 years, 10 films",R10,쿰바카르나: 그림자의 벽,The Wall of Shadows,시놉시스,"<하늘을 향한 여정, K2> 감독 엘리자 쿠바르스카가 히말라야를 다시 방문했다. 아들의 학비를 벌기 위해 한 셰르파 가족이 금기를 깨고 가장 신성한 산인 쿰바카르나를 오른다. 유럽 원정대와 함께 그 누구의 발길이 닿지 않았던 곳을 오르는 그들은 과연 산신의 분노를 마주하게 될까.","The Sherpa family break a taboo and take part in the Himalayan expedition to Kumbhakarna, one of the most holy of mountains, to earn money for their son’s school and cut him away from their tradition. They accompany the leading world class alpinists."
"10년, 10편 10 years, 10 films",R10,쿰바카르나: 그림자의 벽,The Wall of Shadows,프로그램 노트,"여러 층위의 이야기를 하나로 엮어 뛰어난 촬영과 함께 영화를 완성하는 엘리자 쿠바르스카의 전작(前作)이다. 히말라야산이 가진 신성(神聖)과 셰르파 가족의 고뇌, 그리고 쿰바카르나를 등정하려는 원정팀의 이야기가 유기적으로 결합된 산악 영화이다.

UMFF2021 대상 Grand Prize","This is Eliza Kubarska’s previous work that weaves multiple narrative layers into a single story, brought to life by outstanding cinematography. It is a mountain film in which the sacredness of the Himalayas, the Sherpa family’s struggles, and the expedition team’s attempt to summit Kumbhakarna are organically intertwined."
"10년, 10편 10 years, 10 films",R10,쿰바카르나: 그림자의 벽,The Wall of Shadows,노트 작성자,프로그래머 이정진,"Jinna Lee, Programmer"
"10년, 10편 10 years, 10 films",R10,쿰바카르나: 그림자의 벽,The Wall of Shadows,감독명,엘리자 쿠바르스카,Eliza Kubarska
"10년, 10편 10 years, 10 films",R10,쿰바카르나: 그림자의 벽,The Wall of Shadows,바이오,"감독이자 등반가 겸 여행가. 바르샤바미술아카데미와 바이다영화학교를 졸업했으며 극한의 환경에서 촬영한 작품들을 비롯해 수상 경력에 빛나는 다큐멘터리들을 연출했다. 대표작으로는 <팜 섬에서 벌어진 일>, <워킹 언더 워터>, <하늘을 향한 여정, K2>가 있다.","Eliza is a director, alpinist and traveller. She graduated from the Academy of Fine Arts in Warsaw and Wajda Film School in Poland. Since 2004 she directed awarded documentary films, often produced in extreme locations: What happened on Pam Island, Walking Under Water and K2-Touching the Sky."
"10년, 10편 10 years, 10 films",R10,쿰바카르나: 그림자의 벽,The Wall of Shadows,영화정보,"Poland, Germany, Switzerland | 2020 | 95min | Color | Documentary | None Premiere",
"10년, 10편 10 years, 10 films",R10,그리고 저녁이 온다,Then Comes the Evening,작품명,그리고 저녁이 온다,Then Comes the Evening
"10년, 10편 10 years, 10 films",R10,그리고 저녁이 온다,Then Comes the Evening,시놉시스,보스니아 동부의 한적한 언덕에서 살아가는 두 노년 여성의 아름답고도 쓸쓸한 일상을 시적으로 그린 다큐멘터리. 거친 날씨를 달래는 의식과 노래를 통해 무형문화유산의 가치를 되새긴다.,"The poetic documentary depicts bittersweet everyday life of two grannies living isolated on the hills of Eastern Bosnia. The film emphasizes the intangible cultural heritage, through the presentation of chants and rituals for taming the adverse weather, hail, and storm."
"10년, 10편 10 years, 10 films",R10,그리고 저녁이 온다,Then Comes the Evening,프로그램 노트,"두 노년 여성의 간단하고 소박한 저녁 식사, 매일 일구는 감자밭, 폭풍우를 달래는 주문을 읊는 모습이 한 폭의 정물화처럼 그려지고, 한 편의 시를 떠올리게 한다. 특히 클로즈업 된 일하는 손은 많은 것을 생각하게 만든다.

UMFF2020 대상 Grand Prize","The simple, humble dinner of two elderly women, their daily tending of the potato field, and their chanting of prayers to calm the storm are depicted like a still-life painting, evoking a poem. In particular, the close-up of their working hands invites deep reflection."
"10년, 10편 10 years, 10 films",R10,그리고 저녁이 온다,Then Comes the Evening,노트 작성자,프로그래머 이정진,"Jinna Lee, Programmer"
"10년, 10편 10 years, 10 films",R10,그리고 저녁이 온다,Then Comes the Evening,감독명,마야 노바코비치,Maja Novaković
"10년, 10편 10 years, 10 films",R10,그리고 저녁이 온다,Then Comes the Evening,바이오,"세르게이 파라자노프의 작품을 연구하는 박사과정 수료생. 데뷔작 <그리고 저녁이 온다>는 풀프레임다큐멘터리영화제에서 수상하며 아카데미시상식 예선 자격을 얻고, 50여 개의 상을 받았다. 사라예보탤런츠 및 IDFA아카데미 출신이다.","Maja Novaković is a Ph.D. candidate studying Sergei Parajanov’s poetics of heritage. Her debut, Then Comes the Evening, won at Full Frame Documentary Festival, earning OSCAR® qualification and 50+ awards. She is a Sarajevo Talents and IDFAcademy alumna."
"10년, 10편 10 years, 10 films",R10,그리고 저녁이 온다,Then Comes the Evening,영화정보,"Serbia, Bosnia and Herzegovina | 2019 | 28min | Color | Documentary | None Premiere",
"10년, 10편 10 years, 10 films",R10,파라다이스,Paradise,작품명,파라다이스,Paradise
"10년, 10편 10 years, 10 films",R10,파라다이스,Paradise,시놉시스,"2021년 여름, 이례적인 폭염과 가뭄으로 발생한 거대한 화재로 시베리아 북동부에서는 수백만 헥타르의 땅이 황폐해졌다. 숲에 큰 불이 났고, 불길이 빠르게 다가오고 있다는 충격적인 소식을 알려오지만, 정부는 주민들이 알아서 대처하도록 방관하고, 주민들은 끔찍한 화마와 싸우기 위해 힘을 모아야만 한다.","In the summer of 2021, an exceptional heat-wave and drought led to giant fires ravaging millions of hectares of land in northeastern Siberia. Spread by the wind, the black ashes carry alarming news: the forest is on fire and the flames are fast approaching. The government having left them to fend for themselves, the inhabitants must rally to fight The Dragon."
"10년, 10편 10 years, 10 films",R10,파라다이스,Paradise,프로그램 노트,"이 영화는 단순히 시베리아 사하 공화국의 산불을 진압하는 마을 사람들의 이야기를 넘어, 내레이션과 지역 전통 의식을 절묘하게 접목하며, 기후위기로 인한 산불 현장을 외면하는 무기력한 중앙 권력과의 대치를 절묘하게 결합했다.

UMFF2023 대상 Grand Prize",This film goes beyond the story of villagers fighting wildfires in the Sakha Republic by deftly weaving narration with local traditional rituals and artfully juxtaposing their efforts against the helpless central authorities who ignore the climate-driven blaze.
"10년, 10편 10 years, 10 films",R10,파라다이스,Paradise,노트 작성자,프로그래머 이정진,"Jinna Lee, Programmer"
"10년, 10편 10 years, 10 films",R10,파라다이스,Paradise,감독명,알렉산데르 아바투로프,Alexander Abaturov
"10년, 10편 10 years, 10 films",R10,파라다이스,Paradise,바이오,"러시아 출신으로, 2013년 첫 다큐멘터리 <잠자는 영혼들>로 여러 영화제에서 상을 받았다. 첫 장편 다큐멘터리 <아들>은 베를린영화제에서 초연된 후 다수의 영화제에서 선정되었다.","Alexander Abaturov was born in Rus- sia. In 2013, he directed his first documentary, Sleeping Souls, selected and awarded in various festivals. The Son, his first feature length documentary, was premiered in the Berlinale Forum and selected at many other festivals."
"10년, 10편 10 years, 10 films",R10,파라다이스,Paradise,영화정보,"France, Switzerland | 2022 | 90min | Color | Documentary | None Premiere",
투게더 Together,TO,집으로,Writing Home,작품명,집으로,Writing Home
투게더 Together,TO,집으로,Writing Home,시놉시스,숲속에서 평화롭게 살아가던 작은 딱정벌레 소녀가 화재로 집을 잃게 된다. 가족과 떨어지게 된 소녀는 인간의 학교에서 피난처를 찾고 글쓰기라는 새로운 재능을 발견한다.,"A small bark beetle girl lives a peaceful life in the forest, until a fire destroys her home. Getting separated from her family, she finds refuge in a human school, discovering a new talent, writing."
투게더 Together,TO,집으로,Writing Home,프로그램 노트,"프라하로 이주한 뒤 처음 접한 홀라소바의 책은 이야기와 그림 모두 큰 감동을 주었다. 몇 년 후, 그 책은 교육의 힘과 삶의 도전을 극복하는 이야기를 담은 나의 학사 졸업 작품에 영감을 주었다.","I discovered Miss Holasová’s book after moving to Prague and was deeply moved by its story and art. Years later, it inspired my bachelor’s film about the power of education and overcoming life’s challenges."
투게더 Together,TO,집으로,Writing Home,노트 작성자,감독 에바 마테요비쵸바,"Eva Matejovičová, Director"
투게더 Together,TO,집으로,Writing Home,감독명,에바 마테요비쵸바,Eva Matejovičová
투게더 Together,TO,집으로,Writing Home,바이오,프라하에 거주하는 슬로바키아 출신 영화감독으로 프라하공연예술아카데미 영화TV학부(FAMU)에 재학 중이다. 동물 애호가인 그녀는 단편 <생크추어리>를 비롯해 동물을 중심으로 한 작품을 만들어 왔다.,"Eva Matejovičová is a Slovak filmmaker living in Prague and studying at Film and TV School of Academy of Performing Arts. As a big animal lover, her films revolve around animals, starting with her short film Sanctuary."
투게더 Together,TO,집으로,Writing Home,영화정보,Czech Republic | 2024 | 13min | Color | Animation | Korean Premiere,
투게더 Together,TO,쓰삐디!,SPEEDY!,작품명,쓰삐디!,SPEEDY!
투게더 Together,TO,쓰삐디!,SPEEDY!,시놉시스,1989년 서울. 아홉 살 정민이는 속독 신동이 되고 싶다. 60초 만에 책 한 권을 독파하는 동현 오빠처럼!,"Seoul, 1989. Jung-min wants to become a speed-reading prodigy, just like Dong-hyun, the coolest guy in town, who can finish an entire book in just 60 seconds!"
투게더 Together,TO,쓰삐디!,SPEEDY!,프로그램 노트,"퍼포먼스에 몰두하는, 해야만 하는 가엾은 당신과 나.",To all those who struggle with a strange world they wish to belong to.
투게더 Together,TO,쓰삐디!,SPEEDY!,노트 작성자,감독 오지인,"Oh Ji-in, Director"
투게더 Together,TO,쓰삐디!,SPEEDY!,감독명,오지인,Oh Ji-in
투게더 Together,TO,쓰삐디!,SPEEDY!,바이오,컬럼비아대 재학 중 만든 단편 <쎄이 썸띵>으로 국내외 영화제에서 수상했다. <쓰삐디!>는 할리우드 제작사인 인디언페인트브러쉬프로덕션스의 제작 지원을 받아 만든 졸업 작품이다.,"Ji-in received her MFA in Film Directing and Screenwriting from Columbia University in 2024. One of her notable projects, Say Something, was invited to multiple international film festivals. Her recent project, SPEEDY! won the Indian Paintbrush Productions Grant."
투게더 Together,TO,쓰삐디!,SPEEDY!,영화정보,Korea | 2025 | 18min | Color | Fiction | None Premiere,
투게더 Together,TO,창가의 작은 텃밭,A Small Garden by the Window,작품명,창가의 작은 텃밭,A Small Garden by the Window
투게더 Together,TO,창가의 작은 텃밭,A Small Garden by the Window,시놉시스,이른 아침. 건축가 A는 창가의 작은 텃밭에서 잘 익은 방울토마토를 골라 출근 도시락을 싼다. 토마토 줄기에서 에코 에너지가 흘러나온다. 환경을 위한 작은 실천에서 태어나는 에코 에너지. 건축가는 에코 에너지와 함께 오늘도 기후 위기의 현장으로 출발한다.,"Early Morning. Architect picks ripe cherry tomatoes from a small garden by the window to pack a lunchbox for work. Eco-energy flows from the tomato vines. This eco-energy, born from small acts of environmental stewardship, accompanies the architect as they head out to the frontlines of the climate crisis once again."
투게더 Together,TO,창가의 작은 텃밭,A Small Garden by the Window,프로그램 노트,<창가의 작은 텃밭>에서는 환경을 위한 생활 방식을 고수하는 주인공 A의 하루를 따라갑니다. 그 과정에서 환경을 위해 크고 작은 행동들을 하고 있는 우리의 모습 또한 발견합니다. 작품을 통해 행동하는 개인이 모여 이뤄낸 작은 기적을 이야기하고 싶었습니다.,"In A Small Garden by the Window, we follow protagonist A's eco-friendly day. Their journey reflects our own big and small environmental actions. The work aims to narrate the small miracles achieved when individuals who act come together."
투게더 Together,TO,창가의 작은 텃밭,A Small Garden by the Window,노트 작성자,감독 이종훈,"Lee Jong-hoon, Director"
투게더 Together,TO,창가의 작은 텃밭,A Small Garden by the Window,감독명,이종훈,Lee Jong-hoon
투게더 Together,TO,창가의 작은 텃밭,A Small Garden by the Window,바이오,"한국애니메이션고등학교 애니메이션과를 거쳐 2007년 한국예술종합학교 애니메이션과 입학, 2013년부터 현재까지 브이씨알웍스에서 감독으로 활동하며 애니메이션을 제작하고 있다.","He entered the Animation Department at Korea Animation High School in 2005 and the Department of Animation at K-ARTS in 2007. Since 2013, he has participated in the establishment of VCRWORKS and has been actively producing animation as a director."
투게더 Together,TO,창가의 작은 텃밭,A Small Garden by the Window,영화정보,Korea | 2024 | 5min | Color | Animation | None Premiere,
투게더 Together,TO,엑스트라 오디너리,Extraordinary,작품명,엑스트라 오디너리,Extraordinary
투게더 Together,TO,엑스트라 오디너리,Extraordinary,시놉시스,"좁고 오지랖 넘치는 시골 마을, 동재는 남몰래 어린 시절 목격한 UFO를 쫓는다.","A small rural town, Dong-jae is secretly chasing the UFO he witnessed as a child."
투게더 Together,TO,엑스트라 오디너리,Extraordinary,프로그램 노트,"가슴 뛰게 만드는 것을 좇고, 자신만의 기준으로 특별함을 증명해 나간다는 건 결코 쉬운 일이 아닐 것입니다. 하지만 그걸 지켜낸 자만이 무언가를 얻을 수 있겠죠. 마침내 UFO를 만난 동재처럼, 특별한 순간을 만나게 될지도 모를 일입니다.","Chasing what makes your heart race and proving your uniqueness isn't easy. But maybe only those who stay true to that path will gain something. Like Dong-jae, who finally encountered a UFO, you might just come across your own extraordinary moment."
투게더 Together,TO,엑스트라 오디너리,Extraordinary,노트 작성자,감독 김지원,"Kim Ji-won, Director"
투게더 Together,TO,엑스트라 오디너리,Extraordinary,감독명,김지원,Kim Ji-won
투게더 Together,TO,엑스트라 오디너리,Extraordinary,바이오,"한국예술종합학교 영화과 졸업. 단편 영화 <썩지않게 아주오래>, <엑스트라 오디너리>의 각본을 쓰고 연출했다. 즐거움이 삶을 더욱 풍요롭게 해준다는 믿음 아래 이야기를 만든다.","Graduated from the Film Department at the K-ARTS. She has written and directed short films such as Planting Method, Extraordinary. Believe that joy adds richness to life and builds stories on that belief."
투게더 Together,TO,엑스트라 오디너리,Extraordinary,영화정보,Korea | 2025 | 18min | Color | Fiction | None Premiere,
투게더 Together,TO,디파처,Departure,작품명,디파처,Departure
투게더 Together,TO,디파처,Departure,시놉시스,"정해진 궤도를 돌며 살아가는 작은 소행성. 어느 날 혜성이 되고 싶다는 꿈을 갖게 되고, 목성의 중력을 이용해 궤도를 탈출해 보겠다는 위험한 계획을 세운다. 목성이 가까워지게 되는 주기가 돌아오고, 소행성들은 두려워한다. 작은 소행성은 궤도를 탈출해 혜성이 될 수 있을까?","A little asteroid lives his life orbiting the same exact path every day. One day, he dreams of becoming a comet and hatches a risky plan to escape his orbit through Jupiter's gravity. As the other asteroids tremble. Can this little asteroid break free from its orbit and become a comet?"
투게더 Together,TO,디파처,Departure,프로그램 노트,<디파처>는 반복되는 일상을 살아가는 평범한 존재인 작은 소행성이 익숙한 안정을 넘어 새로운 세계로 나아가는 이야기이다. 평범한 일상 속에서도 자신만의 꿈을 찾고 그 꿈을 이루기 위해 나아가는 모든 사람들에게 영감과 희망이 되었으면 좋겠다.,"Departure tells the story of a small, ordinary asteroid leaving its mundane life for an unknown world. I hope 
to inspire and give hope to everyone seeking their own dreams and taking steps to achieve them, even in the ordinariness of everyday life."
투게더 Together,TO,디파처,Departure,노트 작성자,감독 김종윤,"Kim Jong-yoon, Director"
투게더 Together,TO,디파처,Departure,감독명,김종윤,Kim Jong-yoon
투게더 Together,TO,디파처,Departure,바이오,1999년 성남 출생. 2017년에 국민대학교 영상디자인학과에 입학하여 재학 중이다. 2025년 졸업 예정이다.,Born in 1999 in Seongnam. He has been studying Entertainment Design at Kookmin University since 2017.
투게더 Together,TO,디파처,Departure,영화정보,Korea | 2024 | 7min | Color | Animation | World Premiere,
투게더 Together,TO,템에게,Tem,작품명,템에게,Tem
투게더 Together,TO,템에게,Tem,시놉시스,"이 영화는 고속 스케이트보딩에 대한 열정을 함께 나누는 친구들의 실화를 담고 있다. 수년 전 목숨을 잃을 뻔한 사고를 겪은 템의 이야기를 통해, 서로의 경험을 나누고자 하는 이들의 열망은 언제든 닥칠 수 있는 사고와 그에 따른 대가라는 현실과 마주하게 된다.","This film tells a true story of a group of friends that share a passion for high-speed skateboarding. Through Tem, who had a life-threatening accident years ago, their desire to share these experiences with one another is set against the possibility of an accident and its consequences."
투게더 Together,TO,템에게,Tem,프로그램 노트,"위험을 감수하면서까지 스케이트보딩에 몰입하는 인물들을 보고 있자면, 아마도 스포츠의 근원적 열망과 맞닿아 있는 ‘스피드’의 매혹을 떠올릴 수밖에 없을 것이다. 역동적이고 몰입감 있는 카메라 무빙이 만들어내는 짜릿한 속도감이 가히 환상적인 영화.","Watching these people immerse themselves in skateboarding, even at the risk of injury, inevitably evokes the allure of speed, a force tied to the primal desire of all sports. The film's dynamic and immersive camerawork generates a thrilling sense of velocity that feels almost transcendent."
투게더 Together,TO,템에게,Tem,노트 작성자,프로그래머 장다나,"Jang Da-na, Programmer"
투게더 Together,TO,템에게,Tem,감독명,디에고 폰셀렛,Diego Poncelet
투게더 Together,TO,템에게,Tem,바이오,두 번의 스케이트보드 다운힐 세계 챔피언에 오른 디에고 폰셀렛은 친구들과 만든 스케이트보드 몽타주 영상을 계기로 영화 제작에 눈을 떴다. 단순했지만 영화에 대한 열정과 가능성을 드러내는 시작이었다.,"Diego Poncelet, a two-time downhill skateboarding world champion, discovered filmmaking through skateboarding montages with his friends. Despite their simplicity, they revealed a growing passion for cinema and its possibilities."
투게더 Together,TO,템에게,Tem,영화정보,Spain | 2024 | 19min | Color | Documentary | Asian Premiere,
투게더 Together,TO,벽 너머에,Beyond the Wall,작품명,벽 너머에,Beyond the Wall
투게더 Together,TO,벽 너머에,Beyond the Wall,시놉시스,"방음벽 근처에서 죽은 까치를 지나쳤던 연수는 두 학생, 고은과 솔이가 까치를 수습하고 충돌 방지 스티커를 붙이는 모습을 목격한다. 사방이 막힌 듯한 건물 벽 너머의 숲속에서 연수와 고은, 솔이는 새들을 기록하고 이름을 부른다.","Yeon-soo, who had previously passed by a dead magpie near the soundproof wall, notices two students, Go-eun and Sol, retrieving the bird and attaching collision-prevention stickers. Beyond the tightly enclosed walls of the buildings, in the forest, Yeon-soo, Go-eun, and Sol document the birds and softly call out their names."
투게더 Together,TO,벽 너머에,Beyond the Wall,프로그램 노트,"아직도 수천만 채의 건물과, 수천 킬로미터에 이르는 투명 방음벽이 새들의 덫이 되고 있다. 그럼에도 한 땀 한 땀 수를 놓듯. 조금씩이라도 행동하고 귀를 기울이면, 인간과 동물 모두에게 안전한 공간을 만들어 나갈 수 있지 않을까. <벽 너머에>를 통해 함께 공존하는 새들의 이름이 불릴 수 있길 바란다.","Even now, millions of buildings and thousands of kilometers of transparent soundproof walls are becoming traps for birds. Yet, if we act and listen carefully, stitch by stitch, perhaps we can create a safe space for both humans and animals. I hope the names of birds coexisting Beyond the Wall will be called out."
투게더 Together,TO,벽 너머에,Beyond the Wall,노트 작성자,감독 김무늬,"Kim Moo-nui, Director"
투게더 Together,TO,벽 너머에,Beyond the Wall,감독명,김무늬,Kim Moo-nui
투게더 Together,TO,벽 너머에,Beyond the Wall,바이오,1992년 서울 태생. 뮤지컬학과를 졸업하고 연극을 하고 지금은 영화를 만들고 출연한다.,"Born in Seoul in 1992. Graduated from the Department of Musical Theatre, has worked in theatre, and now creates and acts in films."
투게더 Together,TO,벽 너머에,Beyond the Wall,영화정보,Korea | 2025 | 18min | Color | Fiction | None Premiere,
투게더 Together,TO,떡볶이 핫! 입,Tteokbokki One Chew!,작품명,떡볶이 핫! 입,Tteokbokki One Chew!
투게더 Together,TO,떡볶이 핫! 입,Tteokbokki One Chew!,시놉시스,"할아버지와 손녀가 유행하는 HOT한 떡볶이와 핫도그 세트를 맛보자, 거부 반응을 보이던 할아버지에게 즐거운 환상이 펼쳐진다.",Grandfather and granddaughter tried the popular menu item HOT Tteokbokki and corndog. A pleasant fantasy unfolds to an old man who refuses.
투게더 Together,TO,떡볶이 핫! 입,Tteokbokki One Chew!,프로그램 노트,도전의 불안과 공포를 이겨내고 얻을 과실의 달콤함을 관객분들에게 전달해 드리고 싶습니다.,"감독 박현서 With our work, we want to convey to the audience the sweetness that overcomes the anxiety and fear of taking on a challenge."
투게더 Together,TO,떡볶이 핫! 입,Tteokbokki One Chew!,노트 작성자,감독 박현서,"Park Hyeon-seo, Director"
투게더 Together,TO,떡볶이 핫! 입,Tteokbokki One Chew!,감독명,박현서,Park Hyeon-seo
투게더 Together,TO,떡볶이 핫! 입,Tteokbokki One Chew!,바이오,2002년 강원도 홍천 출생. 2021년에 계원예술대학교 애니메이션과에 입학하여 2024년에 졸업하였다. 현재 그녀는 계원예술대학교 애니메이션학과 심화 과정을 수료 중이다.,"Born in 2002 in Hongcheon, Gangwon-do. She graduated from the Animation Department at Kaywon University of Art & Design in 2024 and is currently studying Advanced Animation at Kaywon University of Art & Design."
투게더 Together,TO,떡볶이 핫! 입,Tteokbokki One Chew!,영화정보,Korea | 2024 | 7min | Color | Animation | None Premiere,
투게더 Together,TO,산을 닮은 소녀,Mountain Roots,작품명,산을 닮은 소녀,Mountain Roots
투게더 Together,TO,산을 닮은 소녀,Mountain Roots,시놉시스,9살 클라이머 소녀와 할아버지가 함께 산을 오르기 위해 와이오밍에서 이탈리아 알프스로 향한다. 그렇게 한 세기 이상 떨어져 있던 가족을 다시 만나기 위한 여정이 시작된다.,"A 9-year-old climber travels from Wyoming to the Italian Alps with her grandfather to scale a mountain together, embarking on a journey to reconnect their family after more than a century apart."
투게더 Together,TO,산을 닮은 소녀,Mountain Roots,프로그램 노트,조상의 뿌리를 따라가는 베넷의 여정을 보며 관객들이 가능성의 불씨를 느끼길 바란다. 한계를 넘어서는 한 여성에게서 영감을 받은 이 이야기는 우리가 좋아하는 일을 할 때 다른 누군가의 꿈에 불을 붙일 수 있음을 상기시킨다.,"We hope audiences feel the spark of possibility as they watch Bennett’s journey guided by her ancestral mountain roots and inspired by a woman who soars, reminding us that doing what we love can ignite someone else’s dreams."
투게더 Together,TO,산을 닮은 소녀,Mountain Roots,노트 작성자,"감독 캐리 매카시, 마크 페드리","Carrie McCarthy, Mark Pedri, Director"
투게더 Together,TO,산을 닮은 소녀,Mountain Roots,감독명,"캐리 매카시, 마크 페드리","Carrie McCarthy, Mark Pedri"
투게더 Together,TO,산을 닮은 소녀,Mountain Roots,바이오,"캐리 매카시와 마크 페드리는 인물 중심의 다큐멘터리와 시리즈를 제작하는 버닝토치프러덕션스를 운영하고 있다. 과학자 출신 프로듀서인 캐리가 연구 중심의 시각을 더하고, 마크는 탐험 기반의 영화감독이자 작가이며 이들의 작품은 국제적으로 상영되고 PBS에서 방영되었으며 에미상을 세 차례 수상했다.","Carrie McCarthy and Mark Pedri run Burning Torch Productions, creating character-driven documentary films and series. Carrie, a scientist turned producer, brings a research-driven lens; Mark is an expedition-based filmmaker and writer. Their films have screened internationally, aired on PBS, and received 3 EMMY Awards."
투게더 Together,TO,산을 닮은 소녀,Mountain Roots,영화정보,"USA | 2025 | 19min | Color, B&W | Documentary | Asian Premiere",
투게더 Together,TO,살아있게,Stay Alive,작품명,살아있게,Stay Alive
투게더 Together,TO,살아있게,Stay Alive,시놉시스,혼자 경쟁에 밀려 살던 붉은발농게 큰손이는 노랑부리저어새의 습격 속에서 양손이와 살아남아 부부의 연을 맺게 되고 아들 작은손이를 낳는다.,"In Suncheon Bay, Felix, a bowed fiddler crab who lives alone and is tired of competition, survives an attack by a spoonbill with Madeline. They become a couple and give birth to a son, Sonny."
투게더 Together,TO,살아있게,Stay Alive,프로그램 노트,대한민국의 아름다운 생태 습지 순천만에서 갯벌 생명체들은 치열하게 살아간다. 농게 가족의 소소한 일상과 이를 지키기 위해 고군분투하는 이야기를 통해 생태계와 가족의 소중함을 담고자했다. 남녀노소 함께 웃고 공감할 수 있기를 바란다.,"In Suncheon Bay, Korea, tidal flat creatures live with fierce determination. This story, through a fiddler crab family's daily life and struggles, emphasizes the ecosystem's and family bonds' importance. Crafted to bring laughter and empathy to all ages."
투게더 Together,TO,살아있게,Stay Alive,노트 작성자,감독 박재범,"Park Jae-beom, Director"
투게더 Together,TO,살아있게,Stay Alive,감독명,박재범,Park Jae-beom
투게더 Together,TO,살아있게,Stay Alive,바이오,1990년 창원 출생. 2009년도에 홍익대학교 애니메이션학과에 입학하여 2015년에 졸업하였다. 2019년도에 한국영화아카데미 35기 졸업하였다. 현재 그는 (주)스튜디오요나에서 대표이자 감독으로 재직 중이다.,"Born in 1990 in Changwon. Graduated from the Department of Animation at Hongik University in 2015, and from the 35th Korean Academy of Film Arts in 2019. He is currently working as the Director and CEO at Studio YONA."
투게더 Together,TO,살아있게,Stay Alive,영화정보,Korea | 2025 | 13min | Color | Animation | None Premiere,
투게더 Together,TO,내 친구 볼리체,Boliche,작품명,내 친구 볼리체,Boliche
투게더 Together,TO,내 친구 볼리체,Boliche,시놉시스,"어느 날 가족이 당신의 가장 친한 친구를 먹으려 한다는 사실을 알게 된다면, 과연 어떤 일이 벌어질까?",What would happen if one day you found out that your family was planning to eat your best friend?
투게더 Together,TO,내 친구 볼리체,Boliche,프로그램 노트,"누구나 한 번쯤 식육 행위를 고민해 본 경험이 있을 것이다. 영화는 소녀와 애완 돼지를 통해 사랑의 대상이 곧 섭취의 대상이 될 수 있다는 인식의 충돌이, 생명의 윤리적 가치를 자각하고 인간다움에 대해 성찰하게 만드는 중요한 성장 과정임을 이야기한다.","Everyone, at some point, has questioned eating meat. The film, about a girl and her pet pig, shows that the conflict of perception where an object of love becomes an object of consumption can be a meaningful part of growing up, offering an opportunity to recognize the ethical value of life and to reflect on what it means to be human."
투게더 Together,TO,내 친구 볼리체,Boliche,노트 작성자,프로그래머 장다나,"Jang Da-na, Programmer"
투게더 Together,TO,내 친구 볼리체,Boliche,감독명,헬헤르 에스크리바노,Helher Escribano
투게더 Together,TO,내 친구 볼리체,Boliche,바이오,헬헤르는 다수의 뮤직비디오와 단편 영화의 촬영을 맡았으며 다양한 영화제에서 촬영감독상을 네 차례 수상했다. 2017년 이비사로 돌아온 헬헤르는 이비사 최초의 영화제 이비시네를 창설했다.,"Helher directed the photography of numerous music videos and short films, receiving 4 awards for Best Photography Direction at different festivals. In 2017 Helher returned to Ibiza and created Ibicine, the first film festival on the island."
투게더 Together,TO,내 친구 볼리체,Boliche,영화정보,Spain | 2025 | 14min | Color | Fiction | Korean Premiere,
투게더 Together,TO,별똥별,Filante,작품명,별똥별,Filante
투게더 Together,TO,별똥별,Filante,시놉시스,매일 밤 폴렛은 하늘을 가로지르는 똑같은 별똥별을 보며 간절한 소원을 빈다. 어디론가 사라져버린 그녀의 생쥐 친구를 찾게 해달라고. 시간이 흘러도 생쥐는 돌아오지 않고 폴렛은 그녀의 별에 무슨 문제가 생긴 건지 알고 싶어진다.,"Every night, Paulette observes the same shooting star in the sky. She makes her deepest wish: to find her mysteriously missing pet rat. The days go by, but the animal doesn't return. Paulette wants to understand what's wrong with her star."
투게더 Together,TO,별똥별,Filante,프로그램 노트,"감독은 의도적으로 대사를 배제하고, 빛과 색채, 음악만으로 소중한 존재를 기다리는 마음을 표현한다. 인물의 감정을 섬세히 드러내며 신비로운 분위기와 매력을 더하는, 감각적인 사운드트랙이 돋보이는 애니메이션.","The director intentionally employs minimal dialogue, relying instead on light, color, and music to convey the longing for a precious presence. This animation, featuring a sensuous soundtrack, delicately reveals the character’s emotions and enhances its mystical atmosphere and charm."
투게더 Together,TO,별똥별,Filante,노트 작성자,프로그래머 장다나,"Jang Da-na, Programmer"
투게더 Together,TO,별똥별,Filante,감독명,마리옹 자몰,Marion Jamault
투게더 Together,TO,별똥별,Filante,바이오,애니메이터 겸 일러스트레이터. 프랑스 국립시청각연구소에서 편집을 전공하고 클레르몽페랑예술학교와 브뤼셀의 라캄브레국립시각예술학교에서 애니메이션을 수학했다.,"Marion Jamault is an animator and illustrator. After studying editing at the Institut national de l'audiovisuel, she trained in animation at the Diplôme des métiers d'arts de Clermont-Ferrand and then at the École supérieure des arts visuels de la Cambre in Brussels."
투게더 Together,TO,별똥별,Filante,영화정보,France | 2023 | 9min | Color | Animation | None Premiere,
투게더 Together,TO,상상을 조각하는 사람들,Ilha do Ferro - The Art of Imagination,작품명,상상을 조각하는 사람들,Ilha do Ferro - The Art of Imagination
투게더 Together,TO,상상을 조각하는 사람들,Ilha do Ferro - The Art of Imagination,시놉시스,"브라질의 작은 마을 일랴 두 페호에서는 예술가들이 자연에서 발견한 나뭇가지, 뿌리, 줄기로 나무 조각품을 만들어 농부들의 상상력에 생명을 불어넣는다. 장인들의 솜씨로 이름난 이 마을은 예술적인 조각품뿐 아니라, 환경 보존과 숲 복원을 위한 헌신으로도 잘 알려져 있다.","In Ilha do Ferro, a small town in Brazil, artists transform branches, roots and trunks found in nature into wooden sculptures that bring to life the imagination of the farmers. Recognized for the talent of its artisans, the community not only stands out for its artistic production, but also for the commitment of its artisans to the preservation of the environment and the reforestation of the region."
투게더 Together,TO,상상을 조각하는 사람들,Ilha do Ferro - The Art of Imagination,프로그램 노트,이 영화는 브라질 내륙의 청년들이 천연자원을 활용해 친환경적인 삶을 만들어가는 모습을 그린 작품이다. 이들의 지속 가능한 활동은 그들을 빈곤에서 벗어나게 할 뿐만 아니라 일자리를 찾아 대도시로 떠나는 인구 이동을 줄이는 데에도 기여한다.,The film shows how young people from the interior of Brazil use the region's natural resources to develop ecologically sustainable work that lifts them out of poverty and prevents them from migrating to big cities in search of employment.
투게더 Together,TO,상상을 조각하는 사람들,Ilha do Ferro - The Art of Imagination,노트 작성자,감독 길례르미 바칼야오,"Guilherme Bacalhao, Director"
투게더 Together,TO,상상을 조각하는 사람들,Ilha do Ferro - The Art of Imagination,감독명,길례르미 바칼야오,Guilherme Bacalhao
투게더 Together,TO,상상을 조각하는 사람들,Ilha do Ferro - The Art of Imagination,바이오,두 편의 단편 다큐멘터리와 한 편의 단편 극영화를 연출·집필하고 여러 영화에서 프로듀서와 조감독으로 활동했다. 2024년 첫 장편영화 <데빌스 기타>를 연출했다.,Guilherme Bacalhao worked as a producer and assistant director on several films. Devil’s Guitar is his first feature film. He wrote and directed two short documentary films and a short fictional film. He also works as a director of documentaries and television programs.
투게더 Together,TO,상상을 조각하는 사람들,Ilha do Ferro - The Art of Imagination,영화정보,Brazil | 2024 | 13min | Color | Documentary | Korean Premiere,
투게더 Together,TO,일체유심조,Mind Over Matter,작품명,일체유심조,Mind Over Matter
투게더 Together,TO,일체유심조,Mind Over Matter,시놉시스,매사에 최선을 다하며 열정적으로 살아온 주인공 정민. 하지만 점점 자신의 이러한 모습에 의구심을 품게 된다. 이렇게 사는 것이 맞는 것일까 고민하며 방황하던 정민은 자신처럼 그리고 자신보다 열심히 하루하루를 살아가는 친구들과 가족들의 모습을 보게 되고 다시 한번 자신감을 갖게 된다.,"Jung-min has always lived passionately, giving his best in everything he does. However, he gradually begins to question this way of life. Is this really the right path? As he struggles with doubt and uncertainty, he encounters friends and family who, like him, or even more so, live each day with dedication."
투게더 Together,TO,일체유심조,Mind Over Matter,프로그램 노트,"나에게 있는 문제점들은 무엇일까. 이런 부정적인 생각의 굴레에서 벗어나기 위해 다큐를 찍기 시작했다. 다큐를 찍으면서 발견한 것은 내가 아닌 또 다른 사람들의 모습, 다른 이들의 고민, 그들만의 억울함과 힘듦이었던 것 같다. 결국 모두가 자신만의 싸움을 묵묵하게 이어 나가는 세상에서 나만의 방식으로 그들에게 위로를 건네어 주고 싶었다.","I started filming this documentary to confront my own problems and escape the cycle of negative thoughts. But as I filmed, what I discovered wasn’t just myself, it was the lives of others, their struggles, their frustrations, and the burdens they quietly carried. In a world where everyone is silently fighting their own battles, I wanted to offer comfort in my own way."
투게더 Together,TO,일체유심조,Mind Over Matter,노트 작성자,감독 최정민,"Choi Jung-min, Director"
투게더 Together,TO,일체유심조,Mind Over Matter,감독명,최정민,Choi Jung-min
투게더 Together,TO,일체유심조,Mind Over Matter,바이오,"“세상은 고통으로 가득하지만 그것을 극복하려는 사람들로도 가득하다.” 라는 헬렌 켈러의 말처럼, 세상의 고통을 극복하려는 사람이자 다른 이들이 극복할 수 있도록 영화를 통해 희망을 전하고자 하는 사람이다.","Just like Helen Keller once said, “Although the world is full of suffering, it is also full of the overcoming of it.” I, too, am someone striving to overcome the pain of the world, and through film, I hope to bring hope to others as they face their own struggles."
투게더 Together,TO,일체유심조,Mind Over Matter,영화정보,Korea | 2025 | 16min | Color | Documentary | World Premiere,
투게더 Together,TO,스케이트를 타요,Hoofs on Skates,작품명,스케이트를 타요,Hoofs on Skates
투게더 Together,TO,스케이트를 타요,Hoofs on Skates,시놉시스,겨울의 동화 나라. 얼어붙은 호수 위에서 신나게 스케이트를 타던 두 친구의 발 아래로 갑작스레 낯설고 기묘한 세계가 펼쳐진다. 이제 그들은 두려움과 선입견에 휘둘리지 않고 새로운 세계와 마주해야 한다.,"In a winter wonderland two friends are having a blast ice-skating on a frozen lake when suddenly a strange and unfamiliar world cracks open underneath them. Now they must learn how to deal with the other kind, not letting the fear and preconceptions rule."
투게더 Together,TO,스케이트를 타요,Hoofs on Skates,프로그램 노트,"때로는 생김새가 다르다는 이유로, 언어가 다르다는 이유로, 또는 익숙하지 않다는 이유로 누군가를 밀어낸 적은 없었나요? 하지만 한 걸음만 용기 내어 다가가면, 우리도 모르는 사이 모두 친구가 되어 있을 거예요. 다 같이 신나게 놀자!","Have you ever pushed someone away just because they looked different, spoke a different language, or simply felt unfamiliar? If you take just one small step with courage, you might find yourselves becoming friends before you even realize it. Let's all have fun together!"
투게더 Together,TO,스케이트를 타요,Hoofs on Skates,노트 작성자,프로그래머 장다나,"Jang Da-na, Programmer"
투게더 Together,TO,스케이트를 타요,Hoofs on Skates,감독명,이그나스 멜루나스,Ignas Meilūnas
투게더 Together,TO,스케이트를 타요,Hoofs on Skates,바이오,리투아니아의 애니메이션 감독이자 프로듀서. 빌뉴스에 위치한 애니메이션 스튜디오 카드루스키리우스의 공동 설립자로 그의 작품 들은 세계 유수의 국제 영화제에 초청되어 여러 상을 수상했다.,Ignas Meilūnas (1985) is Lithuanian animation director and producer. His films have travelled and won awards in some of the biggest international film festivals worldwide. Ignas is a co-founder of Vilnius based animation studio Kadrų Skyrius.
투게더 Together,TO,스케이트를 타요,Hoofs on Skates,영화정보,Lithuania | 2024 | 13min | Color | Animation | None Premiere,
움프 프로젝트 UMFF Project,UP,계단 너머 집,The House Beyond the Stairs,작품명,계단 너머 집,The House Beyond the Stairs
움프 프로젝트 UMFF Project,UP,계단 너머 집,The House Beyond the Stairs,시놉시스,"박스 속의 고양이는 죽었는가? 살았는가? 양자 물리학자 슈뢰딩거는 위와 같은 질문을 하였고, 그 고양이는 죽어 있으면서 동시에 살아 있다고 스스로 대답하였다. 패러독스의 길이다. 그 승려는 양자 물리학에서 불교의 답을 찾으려고 시도한다. 별이 피어나는 시간, 꽃이 지는 해 질 녘, 빛과 어둠이 흩어지는 그 순간. 그것들은 어떤 풍경으로 마주 보고 있는가? 그의 질문은 나선형 계단이 된다.","The cat in a box, is it dead or alive? Schrödinger, a quantum physicist, asked the question. He answered that the cat is simultaneously both dead and alive. It paved a path to paradox. The monk in the house seeks after the truth in quantum physics. The time for the stars to bloom, the sunset when the flowers fall, the moment when light disappears in darkness, how do they exist in the same landscape? His question becomes spiral stairs."
움프 프로젝트 UMFF Project,UP,계단 너머 집,The House Beyond the Stairs,프로그램 노트,수행자는 구도라는 괴물과 어떻게 싸우고 화해하는가?,How do monks battle and reconcile with the monster and angel called meditation?
움프 프로젝트 UMFF Project,UP,계단 너머 집,The House Beyond the Stairs,노트 작성자,프로듀서 구지원,"Ku Ji-won, Producer"
움프 프로젝트 UMFF Project,UP,계단 너머 집,The House Beyond the Stairs,감독명,김전한,Kim Jeon-han
움프 프로젝트 UMFF Project,UP,계단 너머 집,The House Beyond the Stairs,바이오,임왕태 감독의 장편영화 <이별식당>의 각본을 맡아 인도 차트라파티쉬바지영화제에서 최우수로맨스상을 수상했다. 이후 직접 각본과 감독을 맡은 영화 <시인들의 창>은 부산국제영화제에서 상영했다.,"He wrote the screenplay for the feature film Farewell Restaurant(Lim Wang-tae), which won the Best Romance Film award at the 2019 Chhatrapati Shivaji IFF. Subsequently, he wrote and directed the film Poets’ Window, which was screened at the 2021 Busan IFF."
움프 프로젝트 UMFF Project,UP,계단 너머 집,The House Beyond the Stairs,영화정보,Korea | 2025 | 97min | Color | Fiction | World Premiere,
움프 프로젝트 UMFF Project,UP,노르웨이산 고등어,Norwegian Mackerel,작품명,노르웨이산 고등어,Norwegian Mackerel
움프 프로젝트 UMFF Project,UP,노르웨이산 고등어,Norwegian Mackerel,시놉시스,"10여 년 전 막내를 낳고 세상을 떠난 엄마. 그 후 투병하던 아빠마저 죽음을 맞이했다. 강제 퇴거 명령서와 함께 집에서도 떠나야 하는 4남매에게 남은 건 아빠의 편지 한 장과 춘자의 이름으로 되어 있는 차량 등록증. 동네 삼촌이 타던 차를 빼앗아 온 춘자는 동생들과 회의를 통해, 딱 1년만 학교도 그만두고 여행 다니면서 살고 싶다는 셋째 준명의 말에 동감하고 캠핑을 떠나려는데…","Over ten years ago, their mother passed away after giving birth to the youngest sibling. Not long after, their ailing father also died. Now, with an eviction notice in hand, the four siblings are left with only a letter from their father and a car registration under Chun-ja’s name. Chun-ja takes back the car that their uncle had been using. After a family meeting, they agree with Jun-myung, the third sibling, who wishes to take a year off from school to travel. They set off on a camping journey together."
움프 프로젝트 UMFF Project,UP,노르웨이산 고등어,Norwegian Mackerel,프로그램 노트,물 흐르는 듯 영화 찍고 싶다.,"I dream of a film that glides like water, never forced, only felt."
움프 프로젝트 UMFF Project,UP,노르웨이산 고등어,Norwegian Mackerel,노트 작성자,감독 오멸,"O Muel, Director"
움프 프로젝트 UMFF Project,UP,노르웨이산 고등어,Norwegian Mackerel,감독명,오멸,O Muel
움프 프로젝트 UMFF Project,UP,노르웨이산 고등어,Norwegian Mackerel,바이오,"오멸 감독은 제주 출신 영화감독으로, 지역성과 공동체의 기억을 따뜻하고 힘 있게 그려내는 작품으로 주목받고 있다.","Director O Muel, a native of Jeju, is known for his powerful yet warm storytelling that captures the region’s identity and the collective memory of its people. His films highlight local history and community with a deeply humanistic perspective."
움프 프로젝트 UMFF Project,UP,노르웨이산 고등어,Norwegian Mackerel,영화정보,Korea | 2025 | 95min | Color | Fiction | World Premiere,
움프 프로젝트 UMFF Project,UP,타라,TARA,작품명,타라,TARA
움프 프로젝트 UMFF Project,UP,타라,TARA,시놉시스,"별을 통해 그리움을 품고 살아가는 천체 사진가 기현. 네팔 히말라야 오지 구르자에서 별과 사람, 기억을 만나기 위한 여정이 시작된다. 하늘과 가장 가까운 땅에서, 그는 다시 별을 통해 위로를 얻는다.","Ki-hyun, an astrophotographer, carries his longing through the stars. He embarks on a journey to Gurja, a remote village in the Himalayas of Nepal, in search of stars, people, and memories. In this land closest to the sky, he once again finds solace among the stars."
움프 프로젝트 UMFF Project,UP,타라,TARA,프로그램 노트,"‘타라’. 네팔어로 ‘별’을 뜻하는 이 단어는 한 남자에게 있어 꿈과 미래이자, 인생의 무대다. 그는 세계에서 가장 높은 히말라야산맥에서 보았던 별을 잊지 못한다고 한다. 별처럼 묵묵히 자신만의 길을 걷는 한 남자의 여정에 동행해 보려 한다.","“Tara.” In Nepali, it means “star”, but for one man, it signifies a dream, a future, and the stage of his life. He says he can never forget the stars he once saw from the towering peaks of the Himalayas. Now, we follow the journey of a man who, like the stars, quietly walks his own path."
움프 프로젝트 UMFF Project,UP,타라,TARA,노트 작성자,감독 지우철,"Ji Woo-chul, Director"
움프 프로젝트 UMFF Project,UP,타라,TARA,감독명,"지우철, 조덕래","Ji Woo-chul, Jo Deok-rae"
움프 프로젝트 UMFF Project,UP,타라,TARA,바이오,"지우철
고등학교 시절 산에 빠져 KBS 「영상앨범 산」PD로 활동했고, 현재는 아웃도어 브랜드에서 일하며 여전히 산과 함께하는 산 덕후다. 
조덕래
자연과 산악을 사랑하는 KBS 「1박 2일」사진감독, 산악 스포츠와 생태 콘텐츠를 기록한다.","Ji Woo-chul
Hooked on mountains since high school, he worked as a producer for KBS's Mountain Video Album and now works for an outdoor brand. He remains closely connected to the mountains. 
Jo Deok-rae
As the photographer for KBS's 2 Days & 1 Night, he is a devoted lover of nature and the mountains, documenting mountain sports and ecological content."
움프 프로젝트 UMFF Project,UP,타라,TARA,영화정보,Korea | 2025 | 17min | Color | Documentary | World Premiere,
움프 프로젝트 UMFF Project,UP,엔드 오브 바르도,End of Bardo,작품명,엔드 오브 바르도,End of Bardo
움프 프로젝트 UMFF Project,UP,엔드 오브 바르도,End of Bardo,시놉시스,"이유를 모른 채 갯벌에서 눈을 뜬 남자는 집으로 향하는 과정에서 자신이 망자임을 알게 된다. 그러나 죽음을 깨달은 뒤에도 고독과 혼란은 끝나지 않는다. 갯벌에서 시작한 ‘바르도’는, 도심을 지나 산에서 끝난다. 이 영화는 바다에서 산 정상까지, 죽음을 받아들이는 긴 모험을 떠나는 한 사람의 이야기이다.","The man stands on the mudflat. On his way home, he realizes that he is dead. Lost in enduring solitude and confusion, he encounters a psychopomp. “Bardo” begins on the mudflat, passes through the city, and ends at the mountain ridge. This film follows the man’s story from the shore to the mountaintop, a long journey toward embracing one being’s death."
움프 프로젝트 UMFF Project,UP,엔드 오브 바르도,End of Bardo,프로그램 노트,"말없이 우리를 떠난 ‘너’는 지금 어디쯤 있을까. 걷잡을 수 없는 고통과 의문들 속에서, 살아 있는 우리는 저 너머에 있을 ‘너’와 잘 작별하고자 이 작업을 시작했다. 나아가, 우리의 영화가 수많은 ‘너’에게 건네는 작은 작별 인사가 될 수 있기를 진심으로 바란다.","What awaits the dead? Where are you now, having left us without a word? Through the deep grief and uncertainty, we began this project to say our goodbyes. We sincerely hope that our film could be a small farewell to so many “You ”s."
움프 프로젝트 UMFF Project,UP,엔드 오브 바르도,End of Bardo,노트 작성자,"감독 김예겸, 김한범","Kim Ye-kyeom, Kim Han-bum, Director"
움프 프로젝트 UMFF Project,UP,엔드 오브 바르도,End of Bardo,감독명,"김예겸, 김한범","Kim Ye-kyeom, Kim Han-bum"
움프 프로젝트 UMFF Project,UP,엔드 오브 바르도,End of Bardo,바이오,"김예겸
1999년 1월 대한민국 서울에서 태어나, 현재 동국대학교 영화영상학과 재학 중이다. 산과 자연을 좋아한다.
김한범
1998년생 8월 7일생으로, 항상 영화를 준비 중이다.","Kim Ye-kyeom
Born in Seoul, South Korea in January 1999, Kim Ye-kyeom is a student in the Department of Film and Video at Dongguk University. She loves mountains and nature.
Kim Han-bum
Born on August 7, 1998, Kim Han-bum is always working on a film."
움프 프로젝트 UMFF Project,UP,엔드 오브 바르도,End of Bardo,영화정보,Korea | 2025 | 29min | Color | Fiction | World Premiere,
움프 프로젝트 UMFF Project,UP,강이와 두기,The Wishes,작품명,강이와 두기,The Wishes
움프 프로젝트 UMFF Project,UP,강이와 두기,The Wishes,시놉시스,"할머니의 장례를 치르는 마지막 밤, 어린 강이는 묫자리로 파놓은 구덩이에 빠지고 그곳에서 거대한 뱀과 마주한다.","On the last night of his grandmother’s funeral, a young boy named Kang falls into a pit dug as a burial site. There, he encounters a giant serpent. The film is based on a Korean folk tale, the legend of “imugi”. An imugi is a giant serpent that failed to become a dragon, and as a lowly monster, it is always filled with anger. However, it is said that if it succeeds in ascending to the heavens as a dragon, it can become a divine being capable of bringing rain to the earth."
움프 프로젝트 UMFF Project,UP,강이와 두기,The Wishes,프로그램 노트,우리는 꽤 자주 서로를 오해한다. 하지만 그런 실수도 바로잡을 기회를 주는 게 확실한 사랑의 방법이 아닐까 하는 생각에서 이야기를 만들었다.,"We often misunderstand each other. However, I created this story believing that giving each other the opportunity to correct even those misunderstandings could be a true act of love."
움프 프로젝트 UMFF Project,UP,강이와 두기,The Wishes,노트 작성자,감독 이지원,"Lee Ji-won, Director"
움프 프로젝트 UMFF Project,UP,강이와 두기,The Wishes,감독명,이지원,Lee Ji-won
움프 프로젝트 UMFF Project,UP,강이와 두기,The Wishes,바이오,"1998년생. 2021년 첫 단편영화 <선주씨의 비밀정원>을 시작으로 아이들의 시선에서 바라보는 환상과 현실 사이의 세계를 담는 영화를 매년 쓰고 만들고 있다. <삐까뻔쩍>, <아감뼈이야기>로 전주국제영화제와 서울국제여성영화제 등 여러 영화제들에서 관객들을 만났다.","Born in 1998. Since her first short film Mrs. Sunju's Secret Garden in 2021, she has continuously written and directed films that capture the world between fantasy and reality from a child's perspective. Her works have been invited to film festivals such as the Jeonju IFF and the Seoul International Women's FF."
움프 프로젝트 UMFF Project,UP,강이와 두기,The Wishes,영화정보,Korea | 2025 | 19min | Color | Fiction | World Premiere,
움프 프로젝트 UMFF Project,UP,울산 독수리,Ulsan Vulture,작품명,울산 독수리,Ulsan Vulture
움프 프로젝트 UMFF Project,UP,울산 독수리,Ulsan Vulture,시놉시스,"2025년 겨울, 몽골에서 울산으로 아기 독수리들이 찾아왔다. 먹을 게 없는 독수리들을 위해 먹이를 챙겨주고 다친 개체는 치료해 다시 자연으로 돌려보낸다. 산업의 발전으로 인해서 터전을 빼앗긴 독수리들은 앞으로 어떻게 살아가야 할까.","In the winter of 2025, vulture chick came to Ulsan from Mongolia. People feed vultures who have no food, treat injured individuals, and return them to nature. How should vultures, who have lost their homes due to industrial development, live in the future."
움프 프로젝트 UMFF Project,UP,울산 독수리,Ulsan Vulture,프로그램 노트,-,-
움프 프로젝트 UMFF Project,UP,울산 독수리,Ulsan Vulture,노트 작성자,-,-
움프 프로젝트 UMFF Project,UP,울산 독수리,Ulsan Vulture,감독명,"박성진, 김은영","Park Seong-jin, Kim Eun-yeong"
움프 프로젝트 UMFF Project,UP,울산 독수리,Ulsan Vulture,바이오,"쏭쏭 (박성진, 김은영) 
멘토: 박배일","SongSong (Park Seong-jin, Kim Eun-yeong)
Mentor: Park Bae-il"
움프 프로젝트 UMFF Project,UP,울산 독수리,Ulsan Vulture,영화정보,Korea | 2025 | 17min | Color | Documentary | World Premiere,
움프 프로젝트 UMFF Project,UP,소리-꿈,Sori-Dream,작품명,소리-꿈,Sori-Dream
움프 프로젝트 UMFF Project,UP,소리-꿈,Sori-Dream,시놉시스,사춘기의 문턱을 넘어서며 말수는 줄었지만 판소리는 멈추지 않는 예나. 재능이 없는 것 같다고 그만두라면서 도시락은 꼭 챙기는 엄마. 호되게 혼내시면서도 애정의 눈빛으로 가르치시는 선생님. 이렇게 세 사람의 말과 표현이 달라 신기한 동생 예서의 시선으로 언니는 판소리가 왜 좋은지 찾아가는 이야기입니다.,"As Ye-na enters adolescence, she speaks less but never lets go of pansori. Her mother tells her to quit, saying she has no talent, though still packs her lunch every day. Her teacher scolds her strictly but always with deep affection. To her younger sister Ye-seo, it is interesting how these 3 people express so differently. Through Ye-seo's eyes, we follow a journey to understand why pansori matters so deeply to Ye-na."
움프 프로젝트 UMFF Project,UP,소리-꿈,Sori-Dream,프로그램 노트,-,-
움프 프로젝트 UMFF Project,UP,소리-꿈,Sori-Dream,노트 작성자,-,-
움프 프로젝트 UMFF Project,UP,소리-꿈,Sori-Dream,감독명,박선형,Park Sun-hyoung
움프 프로젝트 UMFF Project,UP,소리-꿈,Sori-Dream,바이오,"필름 Oh! (박선형, 정영준, 이성찬, 김현주, 이주형)
멘토: 김도희","Film Oh! (Park Sun-hyoung, Jeong Young-jun, Lee Seong-chan, Kim Hyun-ju, Lee Ju-hyeong)
Mentor: Kim Do-hee"
움프 프로젝트 UMFF Project,UP,소리-꿈,Sori-Dream,영화정보,Korea | 2025 | 16min | Color | Documentary | World Premiere,
움프 프로젝트 UMFF Project,UP,대책 없는 여자,Forever Young,작품명,대책 없는 여자,Forever Young
움프 프로젝트 UMFF Project,UP,대책 없는 여자,Forever Young,시놉시스,"딸, 아내, 엄마, 할머니가 아닌 ‘김유례’로서, 그녀는 늦은 나이에 문학을 배우고, 67세에 등단했다. 이제 86세, 여전히 시와 낭송으로 삶을 새긴다. 창작을 멈추지 않는 그녀의 오늘은 진심으로 살아낸 시간이다.","Not as a daughter, wife, mother, or grandmother, but just as herself, she began studying literature late in her life and debuted as a poet at 67. Now 86, she still carves her life through poetry and recitation. Her unwavering creativity fills each day with the truth of a life fully lived."
움프 프로젝트 UMFF Project,UP,대책 없는 여자,Forever Young,프로그램 노트,-,-
움프 프로젝트 UMFF Project,UP,대책 없는 여자,Forever Young,노트 작성자,-,-
움프 프로젝트 UMFF Project,UP,대책 없는 여자,Forever Young,감독명,송진경,Song Jin-kyung
움프 프로젝트 UMFF Project,UP,대책 없는 여자,Forever Young,바이오,"대책 없는 여자 (송진경, 박하윤)
멘토: 김영조","Forever Young (Song Jin-kyung, Park Ha-yun)
Mentor: Kim Young-jo"
움프 프로젝트 UMFF Project,UP,대책 없는 여자,Forever Young,영화정보,Korea | 2025 | 21min | Color | Documentary | World Premiere,
움프 프로젝트 UMFF Project,UP,좋아서 가는 길,The Way I Love,작품명,좋아서 가는 길,The Way I Love
움프 프로젝트 UMFF Project,UP,좋아서 가는 길,The Way I Love,시놉시스,울산이라는 지역 기반을 활용하여 활동하는 싱어송라이터 길기판. 그는 안정적인 전공을 뒤로하고 좋아하는 음악을 직업으로 택했다. 원하는 것을 얻기 위해서는 노력해야 함은 물론 기약 없는 기다림이 동반된다. 우리의 삶에서 우리는 무엇을 기꺼이 기다릴 수 있을까. 본 영화는 지역 청년의 선택 속에서 삶의 본질에 대한 물음을 던진다.,"Gill Gi-pan, a singer-songwriter who is active in the Ulsan region. He left his stable major behind and chose music, which he loves, as his profession. In order to get what you want, you have to work hard and wait endlessly. What are we willing to wait for in our lives? This film poses questions about the essence of life through the choices of local youth."
움프 프로젝트 UMFF Project,UP,좋아서 가는 길,The Way I Love,프로그램 노트,-,-
움프 프로젝트 UMFF Project,UP,좋아서 가는 길,The Way I Love,노트 작성자,-,-
움프 프로젝트 UMFF Project,UP,좋아서 가는 길,The Way I Love,감독명,김민수,Kim Min-su
움프 프로젝트 UMFF Project,UP,좋아서 가는 길,The Way I Love,바이오,"코코넛 (김민수, 황서영)
멘토: 문창현","Coconut (Kim Min-su, Hwang Seo-yeong) Mentor: Moon Chang-hyeon"
움프 프로젝트 UMFF Project,UP,좋아서 가는 길,The Way I Love,영화정보,Korea | 2025 | 20min | Color | Documentary | World Premiere,
국제경쟁 International Competition,섹션서문,,,섹션서문,"올해 국제경쟁 부문에는 71개국 996편의 출품작 중 20편이 최종 선정되었습니다. 이 영화들은 극한의 자연환경속에서 인간이 한계에 맞서거나, 자연과 공존하고 갈등하는 모습, 도전과 생존의 여정, 정체성 탐구와 자기 발견, 그리고 기록으로서의 가치를 담고 있습니다. 
웅장한 자연을 배경으로 환상적 리얼리즘을 펼치는 <하늘나라로 가요>, <샴발라>, <수퍼 엑시와 날아라 분더>는 각 감독 독창적인 시선으로 인간의 이야기를 그려내며, 관객을 현실과 환상의 경계로 이끕니다.
7,000미터 알파인 루트를 개척하는 두 산악인의 여정을 담은 <목 없는 기수>, 혹한 속 단독 등반을 기록한 <영하 40도에서>, 전설적인 폴란드 여성 산악인의 실종을 쫓는 <반다 루트키에비츠를 찾아서>, 에베레스트에서 시신을 운구하는 셰르파의 헌신을 담은 <에베레스 트의 그늘> 등은 산악인들의 깊은 관심을 끌 만한 영화들입니다. 전설적 클라이밍 루트에 도전하는 <라이더스 온 더 스톰>, 시각장애를 극복하고 다시 등반에 나서는 <제시 더프턴의 두 번째 도전>, 클라이밍의 현재와 미래를 조명하는 <클라이밍의 미래>, <내면 등반>은 등반의 본질을 되돌아보게 합니다. 지난해 개막작 <눕체: 정상을 향해>의 주인공 헬리아스 밀레리우가 펼치는 알래스카 탐험기 <와일드 데이즈>, 2017년 알렉스 벨리니의 그린란드 탐험을 재조명한 <비욘드>, 멕시코 다이버들의 삶을 다룬 <다이빙의 무게> 등 다양한 장르의 클라이밍과 탐험 영화도 준비되어 있습니다.
그리고 마을 주민들의 조용한 저항을 그린 <사바나와 산>, 산불과 더불어 살아가는 스페인 갈리시아 사람들의 일상을 담은 <지구에서만>, 콜로라도강 생태계의 유려한 보고서 <위기의 콜로라도강>, 그리고 혹독한 환경속에서도 삶의 자리를 지켜나가는 이들을 그린 <누군가 문을 두드릴 때>, <마을의 수호자들>은 자연과 함께 살아가는 인간의 면모를 깊이 있게 포착하며 관객에게 깊은 울림과 성찰을 전합니다.
― 프로그래머 이정진","In this year’s International Competition, 20 films were selected from 996 submissions across 71 countries. These films portray humans confronting limits in extreme natural environments, experiencing coexistence and conflict with nature, undertaking challenges and survival, exploring identity and self-discovery, and highlighting the archival value of these stories. 
Fantastically realistic films set against majestic natural backdrops–Cielo, SHAMBHALA, and Axie and the Wunder Dachsies –portray human stories through unique directorial visions, guiding audiences along the boundary between reality and fantasy.
Stories that will captivate mountaineers include The Headless Horseman, about two climbers pioneering a 7,000-meter alpine route; Minus 103 Degrees, documenting an extreme solo winter ascent; The Last Expedition, tracing the disappearance of a legendary Polish female climber; and Everest Dark, revealing the self-sacrifice of Sherpas who recover bodies on Everest’s grueling slopes.
Some films invite reflection on the essence of climbing, including Riders on the Storm, following an attempt on a legendary climbing route; Climbing Blind II, the story of overcoming blindness to climb again; and The Future of Climbing and Inner Walls, which explore the present and future of climbing.
The lineup also includes a variety of exploration and climbing films such as Wild Days, featuring Hélias Millerioux – star of last year’s opening film Nuptse: Touching the Intangible  – on an expedition in Alaska; Beyond, which revisits Alex Bellini’s 2017 journey through Greenland; and Voices from the Abyss, which portrays the lives of Mexican diving communities.
Films exploring the human spirit living in harmony with nature offer profound emotional resonance and deep reflection. They include Savanna and the Mountain, depicting the quiet resistance of villagers; Only on Earth, showing life alongside wildfires in Galicia, Spain; The American Southwest, a lyrical report on life in the Colorado River; and At the Door of the House Who Will Come Knocking and Placekeepers, both capturing people holding their ground despite harsh environments.
― Jinna Lee, Programmer"
산 Mountain,섹션서문,,,섹션서문,"‘산’ 섹션에서는 이름만으로도 등반의 역사를 떠올리게 하는 인물들의 영화들이 관객을 만납니다.
울산울주세계산악문화상 수상자이자 살아 있는 전설 라인홀트 메스너의 첫 연출작 <스틸 얼라이브>는 오스트리아와 케냐 협력 산악구조대의 감동 실화를 다루며, 그의 공동 연출작 <에베레스트 - 최후의 한 걸음>은 산악등반의 실체와 인간의 고통, 결정적 선택의 순간을 사실적으로 그려냅니다. 두 작품 모두 상영 후 관객과의 대화를 통해 보다 깊이 있는 만남을 준비하고 있습니다. 1975년 여성 최초 에베레스트를 등반한 다베이 준코의 삶을 담은 <인간, 다베이 준코>는 사카모토 준지 감독이 연출을 맡아 그녀의 도전과 신념, 등반가로서의 여정을 따라갑니다. <다니구치 케이의 선물>은 故다니구치 케이에게 영향을 받은 오이시 아키히로와 스즈키 히로키가 그녀를 추억하며 떠난 알래스카 헌터산의 원정기를 담은 작품으로, 이 두 편은 일본 산악계를 조명합니다. 폴란드의 저명한 탐험가와 고산등반가들의 성찰을 담은 <자연이라는 집>은 인간과 자연의 관계에 대한 깊은 사유를 전합니다.
젊은 산악인들의 도전도 이어집니다. 카자흐스탄 산악인 팀의 파타고니아 세로 토레 도전기 <카자흐스탄 산악 원정대>, 대륙을 자전거로 횡단한 후 히말라야 아마다블람에 도전하는 22세 청년의 이야기 <충분해>, 신체적 한계를 극복하고 암벽에 도전하는 이란의 젊은 클라이머 <마운틴 보이>, 섭식 장애를 이겨내고 고난이도 루트에 도전하는 신동 클라이머 출신 카이 라이트너 <데스 오브 빌런즈>와 카라코람 산골 마을의 여성 축구팀이 편견과 맞서 싸우는 이야기 <세상을 향해 슛!>도 인상적인 도전과 성취로 가득합니다.
장르의 경계를 넘는 독특한 시선도 함께 합니다. IAMF 대상 수상자 세바스티앙 몬타-로세 감독의 <아웃 오브 더 블루>는 스위스 계곡에서 슬랙라인에 도전하며, 예술가 홍이현숙의 첫 영화 <지금 당신이 만지는 것- 인수봉>은 그녀의 전시 준비 과정과 산에 대한 애정을 녹여냅니다. 극한의 추위로 알려진 캐나다 옐로나이프에서 스포츠를 통해 지역사회의 변화를 그려낸 <웰컴 투 더 피트>도 주목할 만한 영화입니다.
― 프로그래머 이정진","“Mountain” section features films by legendary figures whose very names evoke the history of mountaineering. Among them is Still Alive - The Drama on Mount Kenya, the directorial debut of the living legend Reinhold Messner, recipient of the Ulsan Ulju Mountain Culture Award. The film tells the moving true story of a collaborative mountain rescue team from Austria and Kenya. Mount Everest – The Last Step, another work co-directed by Messner, offers a raw portrayal of high-altitude climbing, human suffering, and moments of critical decision-making. Both films will be followed by Q&A sessions, offering audiences a deeper experience. Climbing for Life tells the story of Tabei Junko, the first woman to summit Everest in 1975. Directed by the acclaimed Japanese filmmaker Sakamoto Junji, the film follows Tabei’s journey of challenge, conviction, and growth as a mountaineer. A Gift from Kei Taniguchi, based on an expedition with the late climber Taniguchi Kei, follows Oishi Akihiro and Suzuki Hiroki as they attempt Mount Hunter in Alaska in her memory. Those two films are shedding light on Japan’s mountaineering scene. Dom / Home, featuring renowned Polish explorers and alpinists, offers a profound reflection on the relationship between humans and nature.
The lineup also includes films that capture the spirit of young climbers. Patagonia: Summit Reached follows a Kazakh mountaineering team’s attempt on Cerro Torre in Patagonia. Far Enough tells the story of 22-year-old Jean Rouaux, who crosses the continent by bicycle before attempting Ama Dablam in the Himalayas. Son of Mountains features a young Iranian climber who challenges physical limitations on the rock face, while Death of Villains portrays climbing prodigy Kai Lightner overcoming an eating disorder as he tackles increasingly difficult routes. Also noteworthy is Girls Move Mountains, a story about a girls’ soccer team confronting social prejudice in a remote village in the Karakoram.
Also included are works that cross genre boundaries with unique perspectives. Out of the Blue, by IAMF Grand Prize recipient Sébastien Montaz-Rosset, follows a diverse group of individuals challenging themselves on slacklines in the valleys of Switzerland. Artist Hong Lee Hyun-sook’s debut film, What You are Touching Now – Insubong Peak, interweaves her affection for the mountain with the process of preparing for an exhibition. Welcome to the Pit is also a notable portrayal of a Canadian community transforming sports in the bitter cold of Yellowknife.
― Jinna Lee, Programmer"
자연 Nature,섹션서문,,,섹션서문,"‘자연’ 섹션에서는 산골 마을과 시골 등 자연 속에서 공동 체, 환경, 전통, 그리고 변화에 대한 이야기를 담은 여섯 편의 영화가 상영됩니다.
중국 후난성 시골 아이들이 직접 쓴 시를 통해 그들의 순수한 시선을 보여주는 다큐멘터리 <시인의 마음>, 튀르키예 시골을 배경으로 사냥당하는 토끼를 구하며 어른의 세계에 저항하는 소년 무사의 이야기 <토끼 제국>은 어린이의 눈을 통해 사회와 현실을 비춥니다.
전통과 현대의 충돌을 대만 소수민족 사냥꾼 형제의 이야기로 풀어낸 <헌터 브라더스>, 전통 목축 환경이 현대화의 영향으로 변화하는 과정을 담은 <브레니의 목축 일기>는 정체성과 삶의 방식에 대해 다시금 생각하게 만듭니다. 나무에 깃발을 다는 전통으로 인해 위험에 처한 나무를 구하려는 부탄의 불교 신자 소남 푼초의 이야기를 그린 <버터플라이 부탄>, 기후 변화로 인한 빙하 감소와 그로인한 수질 오염 문제에 맞서 싸우는 사람들의 모습을 그린 <맑은 물을 찾아서!>는 우리가 살아가는 환경과 생존 그리고 지속가능성에 대한 깊은 고민을 던지는 영화들 입니다.
― 프로그래머 이정진","The “Nature” section presents six films that explore themes of community, environment, tradition, and change in natural settings such as mountain villages and rural areas. Always is a documentary capturing the pure perspective of children from Hunan, China through poems they’ve written themselves. Empire of the Rabbits, set in the Turkish countryside, tells the story of Musa, a young boy who rescues a hunted rabbit and challenges the adult world, offering a child’s view on society and reality.
Hunter Brothers depicts the clash between tradition and modernity through the story of two indigenous hunter brothers in Taiwan, while How to Lease a Cow captures the transformation of traditional herding practices under the pressure of modernization. Both films prompt reflections on identity and ways of life.
Butterfly Bhutan follows Sonam Phuntsho, who tries to protect a tree threatened by the Bhutanese tradition of tying prayer flags, while Dream to Cure Water addresses the issue of glacier melt caused by climate change and the resulting water pollution, showing the efforts of people working to fix the crisis. These films offer a deep meditation on the environment, survival, and sustainability.
― Jinna Lee, Programmer"
인간 Human,섹션서문,,,섹션서문,"‘인간’ 섹션은 “그 시절 우리는”과 신진 감독의 다채로운 시선으로 구성하였습니다.
“그 시절 우리는”에는 한때 그 시절, 그 시대를 대표했던 ‘젊은’ 3인의 감독들, 그리고 무성영화 1편이 소개됩니다. 이 중 세 편의 한국영화는 한국영상자료원과 공동으로 기획되었습니다.
최초 리마스터링 버전으로 공개되는 <정글 스토리>는 김홍준 감독의 두 번째 장편영화로, YB가 출연하고 故 신해철이 음악감독으로 참여한 밴드 성장 영화입니다. 상영 후 YB의 공연도 마련되어 있습니다. 박완서 작가의 소설을 원작으로 한 배창호 감독의 <그해 겨울은 따뜻했네>는 시대와 가족에 대한 깊은 통찰력을 보여줍니다. 그리고 1950년대 후반 농촌사회의 현실을 생생하게 그려내 국가등록문화유산에 등재된 故 김소동 감독의 <돈>을 만나 볼 수 있습니다. 각기 다른 방향으로 걸어가는 인간들의 희망과 불안이 교차하는 시대상을 반영한 버스터 키튼의 무성영화 <서부로 가다!>는 진수영시네마앙상블의 연주와 함께 합니다.
신진 감독들의 다채로운 삶의 고민과 인간관계에 대한 성찰은 ‘인간’ 섹션의 다른 축을 완성합니다. 배우 장동윤의 첫 장편 연출작<누룩>은 장르적 감각을 독창적인 소재로 풀어가며, 배우 이희준의 첫 연출작<직사각형, 삼각형>은 밀도 높은 배우들의 연기로 가족 사이에서 펼쳐지는 관계와 갈등을 풀어냅니다. 방미리 감독의 <생명의 은인>은 배우이자 싱어송라이터 김푸름과 배우 송선미의 긴장감 넘치는 연기를 통해 ‘새로운 가족’의 의미를 되새겨 볼 수 있습니다. 독립영화 감독의 자기고백적 우화인 <월드 프리미어>에서는 김선빈 감독이 영화 제작의 현실과 고충을 진솔하게 그려냈습니다.
― 프로그래머 이정진","The “Human” section is composed of “Back in the Days” and works by emerging directors.
Under the theme “Back in the Days” features films by three “young” Korean directors who once defined their generation, as well as a silent film. The Korean titles in this program were co-curated with the Korean Film Archive. Leading the lineup is Jungle Story, the second feature by director Kim Hong-joon, starring the YB with music directed by the late Shin Hae-chul. This remastered version will be unveiled for the first time, followed by a special live performance by YB.
Warm It Was That Winter(1984), based on the novel by Park Wan-suh and directed by Bae Chang-ho, offers deep insight into family and generational issues. Also featured is The Money by the late Kim So-dong, a vivid depiction of rural life in the late 1950s, now designated as a National Registered Cultural Heritage item.
In addition, Buster Keaton’s silent comedy Go West reflects the era’s blend of hope and anxiety through characters navigating diverging paths. It will be screened with a live score performed by the SooYoung Chin Cinema Ensemble for an enhanced experience.
Rounding out the section are works by emerging directors that explore life’s dilemmas and human relationships. Ac- tor Jang Dong-yoon’s directorial debut, The Yeast explores an original subject through a distinct genre lens. Rectangle, Triangle the directorial debut of actor Lee Hee-jun, portrays complex family dynamics and tensions through compelling performances. SAVE  by director Bang Mi-ri, actress, starring singer-songwriter Kim Pu-reum and actress Song Sun-mi, reconsiders the meaning of “new family” through gripping performances. Lastly, World Premiere, an autobiographical fable by independent director Kim Seon-been, offers a candid portrayal of the struggles and realities of filmmaking.
― Jinna Lee, Programmer"
올해의 산 : 히말라야 - 네팔 Guest Country : Himalaya - NEPAL,섹션서문,,,섹션서문,"울산울주세계산악영화제 10주년을 맞아 “히말라야 - 네팔”을 2018년에 이어 다시 초청하게 되었습니다. 이 자리를 빌려 준비 과정에 큰 도움을 준 주한네팔대사관과 카트만두국제산악영화제에 깊은 감사를 전합니다. 전 세계 산악인과 트레커들에게 상징적인 탐험지인 히말라야는 많은 이들의 '꼭 한번 가보고 싶은' 꿈의 목적지입니다. 한편, 네팔은 여전히 미지의 매력을 간직한 나라로, 특히 한국 관객에게는 네팔 영화를 접할 기회가 드뭅니다. 최근 네팔 영화 산업은 꾸준히 성장하며 국제 영화제에서 주목을 받는 등 존재감을 넓혀가고 있습니다. 올해 “히말라야 - 네팔”에서는 네팔 상업 극장 개봉작 3편과 카트만두 국제산악영화제와 연계한 “네팔 파노라마”를 통해 장편 2편, 단편 3편을 소개합니다. 이번 특별전을 통해 네팔의 독립영화감독들과 네팔의 국민배우 다야항 라이와 미루나 마가르를 직접 만나고, 네팔의 다채로운 전통과 문화를 보다 깊이 있게 경험하시길 바랍니다. 
― 프로그래머 이정진

*22회를 맞이한 카트만두국제산악영화제(KIMFF)는 아시아 최초의 산악영화제로, 전 세계의 다양한 산악·자연영화를 네팔 관객에게 소개하는 한편, 히말라야와 네팔 산악문화를 세계에 알리는 플랫폼 역할을 하고 있습니다. 특히 네팔 독립영화의 발굴과 상영에 힘써왔으며, 올해에는 남아시아 다큐멘터리 제작지원 프로그램을 신설해 지역 독립영화 제작 활성화에 적극적으로 앞장서고 있습니다. 2024년에는 울산울주세계산악영화제와 함께 움프서밋 특별전을 진행하였고, 올해의 산: 히말라야 - 네팔에 “네팔 파노라마”라는 주제로 영화 프로그래밍에 참여해주었습니다.
카트만두국제산악영화제는 “네팔 파노라마”를 선보일 수 있게 되어 매우 기쁘게 생각하며, 네팔의 다양한 정체성과 삶의 진솔한 이야기를 더 많은 관객에게 소개하고자 기획되었습니다. <카스트를 넘어>는 서로 다른 카스트에 속한 두 소녀가 가장 사랑하는 악기를 연주하기 위해 사회적 통념에 맞서 싸우는 이야기로 주인공들의 용기와 공감, 연대의 힘을 느끼게 합니다. <사랑과 미움의 세레나데>는 상실과 변화의 기로에 선 인기 라디오 프로그램 진행자의 실종을 계기로, 주변 인물들의 사랑과 삶의 궤적이 흔들리는 모습을 그립니다. <증인 나무>는 과거의 상처와 가족의 비밀이 고요히 깃들어 있는 한 시골 마을을 배경으로, 성장통을 겪는 소년의 우직한 여정을 담아 깊은 감동을 선사합니다. <스노 레오파드 자매>는 네팔 돌포 지역의 험준한 산악 지대에서 멸종 위기에 처한 희귀 야생동물들을 보호하고자 나선 두 젊은 여성의 헌신과 연대를 통해, 인간과 자연, 젠더와 공동체의 의미까지 다시금 환기시킵니다. 마지막으로, <다이버시티 플라자>는 뉴욕 잭슨 하이츠를 무대로, 다양한 민족이 어우러진 이주 공동체 안에서 살아가는 네팔 및 히말라야 지역 출신 주민들의 일상을 섬세하게 관찰합니다.
― 카트만두국제산악영화제 람야타 림부","To mark the 10th anniversary of the Ulsan Ulju Mountain Film Festival (UMFF), we are once again welcoming “Hima- laya – NEPAL,” previously featured in 2018. We extend our sincere thanks to the Embassy of Nepal in Korea and the Kathmandu International Mountain Film Festival (KIMFF) for their invaluable support.
The Himalayas remain a symbol of adventure for mountaineers and trekkers worldwide—a dream destination for many. Nepal, still holding a sense of mystery and allure, offers limited opportunities for Korean audiences to engage with its cinema. However, its film industry is steadily growing, gaining international recognition and expanding its global presence.
This year’s “Himalaya – NEPAL” program includes three commercial hits, internationally acclaimed films, and the “Nepal Panorama” section curated with KIMFF, featuring two features and three shorts. We hope this special showcase offers a rare opportunity to meet celebrated actors Dayahang Rai and Miruna Magar, and to experience the richness of Nepalese culture and tradition.
― Jinna Lee, Programmer

*Now in its 22nd year, KIMFF is Asia's first mountain film festival. It brings a wide range of mountain and nature films from around the world to Nepalese audiences, while serving as a global platform for sharing stories of the Himalayas and Nepalese mountain culture. KIMFF has been a strong advocate for Nepalese independent cinema and recently launched a Kathmandu Doc Lab program to further promote regional independent filmmaking. In 2024, KIMFF co-hosted the UMFFsummit special program and contributed to this year’s Guest Country “Himalaya – NEPAL” by curating the “Nepal Panorama” section.
KIMFF is proud to present the “Nepal Panorama”, a program designed to share the diverse identities and authentic stories of Nepal and hopes to foster deeper cultural understanding and human connection.
Sanai follows two teenage girls from different castes who defy social norms to pursue their love of music, highlighting the power of courage, empathy, and solidarity. Songs of Love and Hate explores the emotional ripples caused by the sudden disappearance of a beloved radio host, revealing the fragility of love and life through those left behind. The Witness Tree is a quiet yet powerful coming-of-age story about a boy growing up in a rural village haunted by past wounds and family secrets. Snow Leopard Sisters documents the courageous conservation journey of two young women in the remote Dolpo region, as they strive to protect endangered wildlife—prompting reflection on nature, gender, and community. Finally, Diversity Plaza offers an intimate look into the daily lives of Nepali and Himalayan immigrants in Jackson Heights, New York, within a richly multicultural setting.  ― Ramyata Limbu, KIMFF"
"헬로, 트렌토! Hello, Trento!",섹션서문,,,섹션서문,"안녕하세요! 반갑습니다. 장편 2편과 단편 3편의 의미있는 영화들을 기쁜 마음으로 소개합니다.
미칼레 트렌티니 감독의 <트렌티노의 파수꾼들>은 ‘인간 규모의’ 기계 정도만 사용하여 전통적인 방식으로 운영되는 한 고산지대 농장의 ‘저항’을 독창적인 방식으로 그려냅니다. 제도적으로는 존재하지만 사람들의 마음속에는 존재하지 않는, 트렌티노와 알토 아디제 사이의 경계를 중점으로 다룹니다. 트렌티노 출신인 체칠리아 보짜 볼프 감독에게 <존중의 굴레>는 하나의 애정어 린 표현입니다. 원제 ‘Rispet’은 명예와 수치라는 두 가지 의미를 가진 방언으로, 상반된 두 개념은 알프스 계곡 마을 사람들이 겪는 불안의 근원이 됩니다. 이 영화는 산의 어두운 면까지도 드러내며 산을 바라보는 다른 관점을 제시합니다. 
이번 특별 섹션을 마무리하는 3편의 단편은 <마놀로, 수직의 미학>, <마터호른 - 리옹 리지>, <셋타 렛다스트!>입니다. 이탈리아 산악계를 대표하는 마놀로와 에르베 바르마세, 타마라 룽게의 이야기를 통해 산과의 깊은 유대를 조명합니다.
― 트렌토영화제 로잔나 스테딜레

*트렌토영화제는 국제산악영화협회(IAMF)의 창립 멤버이며 세계에서 가장 오래된 산악영화제입니다. 1952년 트렌토시와 이탈리아산악회(CAI)가 설립하여 이후 볼차노시와 트렌토 상공회의소, 볼차노 상공회의소까지, 영화제와 수년간 협력해 오고 있습니다. 매년 수많은 산악 관련 행사와 함께 약 140편의 영화들이 상영되며, 제74회 영화제는 2026년 4월 24일부터 5월 3일까지 이탈리아 트렌토에서 개최됩니다.","Ciao! We are happy to present these meaningful films with 2 features and 3 shorts.
Border Farmers by Michele Trentini tells in an original way the “resistance” on the highlands, a farm carried on with traditional systems and mechanization still “on a human scale.” The central theme is the border between Trentino and Alto-Adige that exists politically, but not in the feelings of the people. Rispet, a dialect word used in its two meanings of honor and shame, is for Trentino director Cecilia Bozza Wolf an act of love. These two opposing concepts are the triggering cause of much of the unease experienced in the Alpine valleys. Hers is a different point of view on the mountain, which also shows its shadows.
The three short films that close the focus, Vertically Démodé, MATTERHORN - The Lion Ridge and Þetta Reddast explore the intimate relationship with the mountain through the experiences of three exceptional names in Italian climbing and mountaineering: Manolo, Hervé Barmasse and Tamara Lunger. Grazie Mille.
― Rosanna Stedile, Trento Film Festival

*Trento Film Festival is one of the founding members of the IAMF (International Alliance of Mountain Films) and the oldest mountain film festival in the world. Established in 1952 by the City of Trento and the Italian Alpine Club, the City of Bolzano-Bozen and the Chambers of commerce of Trento and Bolzano-Bozen have joined the festival cultural association over the years.
On average, 140 films are presented annually along with numerous mountain-focused events. The 74th edition of the festival will be held in Trento from 24th April to 3rd of May, 2026."
"10년, 10편 10 Years, 10 Films",섹션서문,,,섹션서문,"10년, 10편을 소개하는 편지
울산울주세계산악영화제가 2015 프레페스티벌을 시작한 것이 엊그제 같은데, 벌써 10주년이 되었습니다. 그간 다양한 작품들이 소개되었고, 어떤 영화들은 수상의 영광을 안거나, 영화제 현장에서 관객과 직접 만나 감동과 울림을 함께 나누기도 했습니다.
10주년을 기념해 어떤 작품들을 소개할지 고민하던 중, 빌바오산악영화제의 “마법의 밤 Gau Magikoa” 프로그램을 참고해, 연극 공연과 함께 온 가족이 즐길 수 있는 새로운 프로그램을 준비했습니다. 이는 코로나 시기 자동차 극장, 온라인 상영을 통해 관객들과 만났던 것처럼, 새로운 형태의 상영 프로그램이 될 것입니다.
극단 삼세판의 <오래된 나무, 초록잎을 찾아서>를 통해, 그간 영화제에서 소개해 온 애니메이션 4편을 연극 공연과 함께 선보입니다. <꼬마산의 기적>, <굿 하트>, <가을의 마지막 날>, <시험의 길>은 산의 의인화, 원시인 가족의 이야기, 동물들의 경주, 암벽등반의 상황 등을 재치 있게 그려낸 애니메이션입니다. 영화와 연극이라는, 만날 수 없을 것 같던 장르의 결합으로 새로운 관람 경험을 선사할 이 상영은, 울산울주세계산악영화제가 앞으로 나아갈 방향을 시사합니다.

이외에도, 지금까지의 수상작 중 의미 있게 다시 조명할 수 있는 6편을 소환합니다. 울트라마라톤의 생생함을 담아낸 <울트라>, 극지 탐험가 윌 스테거의 남극 도전기의 회상 <애프터 안타티카>, 네팔 최초 여성 에베레스트 등반자인 파상 라무 셰르파의 이야기를 다룬 <파상: 에베레스트의 그림자>, 우리에게도 익숙한, 산불과 사투를 벌이는 시베리아 주민의 이야기를 그린 <파라다이스> 등이 과거의 감동을 올해까지 이어줄 것입니다. 또한 산신 이야기와 셰르파 가족의 이야기가 절묘하게 어우러진 <쿰바카르나: 그림자의 벽>, 보스니아 동부 노년의 어머니와 딸의 시적인 삶을 담은 <그리고 저녁이 온다>는, 코로나 기간 방문하지 못했던 감독들의 내한과 함께 관객을 만날 예정입니다.
울산울주세계산악영화제가 소개하는 다양한 산악영화, 한국 독립영화, 그리고 온 가족이 함께 즐길 수 있는 영화들이 내년에도, 그 이후에도, 여러 어려움을 딛고, 관객들과 계속 만날 수 있길 희망합니다. 항상 다양한 영화와 새로운 시도를 준비하는 영화제에 많은 응원을 부탁 드리며, 이 편지를 마칩니다.
― 프로그래머 이정진","A letter introducing 10 Years, 10 Films
It feels like only yesterday that the Ulsan Ulju Mountain Film Festival (UMFF) launched its Pre-festival in 2015, yet here we are, celebrating its 10th anniversary. Over the years, many remarkable films have been introduced—some receiving awards, others moving audiences through direct encounters at the festival.
In considering what films to showcase in celebration of 10 years, we drew inspiration from the “Gau Magikoa (Magical Night)” program of the Mendi Film Festival and developed a brand-new, family-friendly program that blends cinema with live theater. Just as we connected with audiences through drive-in and online screenings during the pandemic, this program represents another creative form of cinematic experience.
In collaboration with the theater group 3sp, we present The Old Tree and the Lost Green, a theatrical performance incorporating four animations previously featured at UMFF: Some Thing, Good Heart, The Last Day of Autumn, and Viacruxis. These witty and imaginative animations feature personified mountains, a primitive family, an animal race, and the challenges of rock climbing, uniting the seemingly disparate worlds of film and theater. This special presentation offers a glimpse into UMFF’s evolving vision.

We are also bringing back six memorable, award-winning films from past editions. These include Ultra, which vividly portrays the intensity of ultramarathon runners; After Antarctica, chronicling polar explorer Will Steger’s expedition to the South Pole; and PASANG: In the Shadow of Everest, which recounts the historic ascent of Pasang Lhamu Sherpa, the first Nepali woman to summit Everest. Paradise depicts Siberian villagers’ fight against devastating wildfires, a theme also close to home. In addition, The Wall of Shadows, a poetic tale interweaving a Sherpa family’s story with a Himalayan deity myth, and Then Comes the Evening, a lyrical portrayal of an elderly mother and daughter living in Eastern Bosnia. These films will finally be presented with their directors in attendance, who were previously unable to join us due to the COVID-19 pandemic.
We hope that UMFF’s lineup of mountain films, Korean independent films, and family-friendly screenings will continue to connect with audiences in years to come. With heartfelt thanks for your ongoing support of a festival that is always seeking new films and fresh approaches, we close this letter.
― Jinna Lee, Programmer"
코리안 웨이브 Korean Wave,섹션서문,,,섹션서문,"지난 1년간 한국 독립영화의 성취와 경향을 소개하는 코리안 웨이브 섹션에서는 장편 2편을 포함한 13편의 영화를 선보입니다.
3월 대형 산불을 겪은 울주를 비롯해, 세계 곳곳에서 초유의 기후 위기와 전쟁이 끊이지 않으며, 우리는 일상화된 재난을 살아가고 있습니다. 폐허가 되어버린 공동체, 사랑하는 존재의 상실로 인한 고통과 상처, 좋은 삶에 대한 기대와 낙관이 무너지는 순간들은 영화에도 담겨 있습니다. 이 순간들을 응시하는 영화들은 우리가 살아가고 있는 일상적 위기의 어려움과 감정들을 고스란히 담아내고 있었습니다. 그렇다고 지금 여기가 세상의 끝은 아닙니다. 이 폐허와 위기 속에서 이 영화들은 그 풍경을 마주하고, 누군가의 숨소리와 말소리에 귀 기울이며, 회복과 나아감에 대한 실마리를 찾아냅니다.
현재와 과거, 픽션과 논픽션, 경험적 세계와 선험적 세계, 지구와 우주, 슬픔과 웃음, 진지함과 가벼움, 시작과 끝, 꿈과 현실, 삶과 죽음… 끝없이 이어질 이 수많은 경계들을 넘나들며 우리 삶의 단면들을 진지하고도 날카롭게, 유머러스하게, 과감한 상상력으로 포착해 낸 올해 상영작들을 통해 위기 속에서도 피어나는 일상과 회복의 힘을 함께 생각해 보면 좋겠습니다.
― 프로그래머 박혜미","The “Korean Wave” section presents 13 films, including two features, that highlight the achievements and trends of Korean independent cinema over the past year.
From devastating wildfires in Ulju this March to unprecedented climate crises and unrelenting wars, disasters have become part of our daily reality. The collapse of communities, the grief caused by the loss of loved ones, and the moments that our hopes for a good life are shattered are all captured in films. They look squarely at these moments, reflecting our difficulties and emotions.
But this is not the end of the world. These films confront the reality of the wreckage and crises, tune into the breath and voice of others, and find the way toward healing. Present and past, fiction and non-fiction, the experiential and the transcendental, Earth and cosmos, sorrow and joy, seriousness and lightness, beginning and end, dreams and reality, life and death… Crossing these countless boundaries, the films capture the fragments of our lives with sincerity, acuity, humor, and daring imagination. We invite you to reflect on the persistence of the everyday and the power of recovery.
― Park Hye-mi, Programmer"
투게더 Together,섹션서문,,,섹션서문,"다양한 세대가 함께 즐기는 ‘투게더’ 섹션은 오늘날 우리가 마주한 복잡한 질문에 색다른 해답을 제시하는 15편의 영화와 함께합니다.
산과 자연을 중심으로 풀어내는 도전과 스포츠 정신, 자연과 놀이, 동물권과 생태적 윤리, 환경과 기후 위기 소재들은 인간과 자연의 관계를 다층적으로 비추고, 존재를 향한 따뜻한 시선을 보여줍니다. 이는 산의 이야기가 이들 영화 속에서 단순한 배경이 아니라 관계가 형성되고 감정이 발화되는, 사유가 시작되는 공간으로 작용하고 있기 때문일 것입니다.
울산광역시교육청 및 울산 울주 지역 학교가 함께하는 영화 읽기 프로그램은 올해도 계속됩니다. 어린이·청소년들이 각자의 시선으로 영화를 해석하고, 자신만의 언어로 세상과 소통할 수 있는 소중한 경험이 될 것입니다. 9월, 영남알프스에서 자연과 영화, 사람과 사람이 만나는 뜻깊은 자리에 함께해 주시길 기대합니다.
― 프로그래머 장다나","The “Together” section presents 15 films offering fresh perspectives on the complex questions we face today.
Centered on themes of mountains and nature, these films explore the topics of challenge and sportsmanship, animal rights and ecological ethics, and environmental and climate crises to explore the relationship between humans and nature in deeply layered yet warm perspectives. This is probably possible because the mountains are not simple backdrops in these stories, but a space where relationships form, emotions are stirred, and reflection begins.
The collaborative film reading program with the Ulsan Metropolitan Office of Education and local Ulju schools also returns this year. It will be a valuable opportunity for children and teens to interpret films from their own perspectives and connect with the world in their own voices. This September, we invite you to the Yeongnam Alps for a meaningful gathering where nature and film, people and people come together.
― Jang Da-na, Programmer"
움프 프로젝트 UMFF Project,섹션서문,,,섹션서문,"움프 프로젝트는 울산울주세계산악영화제의 제작지원 프로그램으로, 전문가 제작지원인 움프서밋과 일반인 다큐멘터리 제작지원 프로그램인 움프멘터리로 구성됩니다. 
2015년부터 시작한 움프서밋은 매년 그 결과물을 월드 프리미어로 공개하고 있으며, 그간 제작된 작품들은 해외 산악영화제에서 수상하거나 국내 극장개봉을 하기도 했습니다.
올해 소개하는 작품은 총 2편의 장편과 3편의 단편입니다. 제주 출신으로 <지슬>과 <파미르>이후 캠핑카 여행 로드무비로 돌아온 오멸 감독의 신작 <노르웨이산 고등어>와 불교 승려의 구도의 길을 극화한 김전한 감독의 <계단 너머 집>, 히말라야에서 본 별을 잊지 못해 네팔 구르자로 떠난 천체사진가 기현의 여행 다큐멘터리 <타라>, 어린이의 시선을 소재로 한 작업을 이어 온 이지원 감독의 신작 단편영화 <강이와 두기>와 망자의 로드무비를 실험적 스타일로 완성한 <엔드 오브 바르도>가 월드 프리미어로 소개됩니다.

움프멘터리는 움프와 다큐멘터리의 합성어로, 울산울주세계산악영화제와 울산시청자미디어센터가 함께 주최, 제작에 대한 교육과 지원을 진행하는 미디어 교육프로그램이며, 매년 울산울주세계산악영화제 공개 후 타 국내영화제에서도 소개되고 있습니다. 올해 움프멘터리는 매년 몽골에서 울산을 찾아오는 아기 독수리를 생생히 담아낸 <울산 독수리>와 판소리 명창이 되기 위해 노력하는 소녀와 가족의 이야기 <소리-꿈>, 67세 시인으로 등단해 86세, 현재까지 시인의 삶을 영속해가는 김유례 어르신의 이야기 <대책 없는 여자>, 울산 싱어송라이터 길기판의 솔직한 이야기 <좋아서 가는 길>까지, 울산의 다양한 삶과 인물들을 영화를 통해 만나 볼 수 있는 소중한 기회가 마련됩니다. 
― 프로그래머 이정진","“UMFF Project” is Ulsan Ulju Mountain Film Festival’s (UMFF) production support program, composed of two parts: UMFFsummit, a professional production initiative, and UMFFmentary, a documentary production support program for the general public.
Since its launch in 2015, UMFFsummit productions have premiered annually as world premieres, with several going on to receive awards at international mountain film festivals or theatrical releases in Korea.
This year, the lineup includes two feature films and three shorts. O Muel, a filmmaker from Jeju known for Jiseul and Pamir, returns with Norwegian Mackerel, a road movie about traveling in a camper van. The House Beyond the Stairs, a dramatized depiction of a Buddhist monk’s journey toward enlightenment, by Kim Jeon-han; TARA, a travel documentary by astrophotographer Ki-hyun, who returns to the Gurja region of Nepal to revisit the unforgettable stars he once saw in the Himalayas; The Wishes, a new short by Lee Ji-won who is known for her work from children’s perspectives; and End of Bardo, an experimental road movie featuring the journey of the deceased, all premier as world premieres.
UMFFmentary, a blend of “UMFF” and “documentary,” is a media education and production support program co-hosted by UMFF and the Ulsan Community Media Center. Each year the resulting films are presented at UMFF and later screened at other domestic film festivals. This year’s UMFFmentary program offers a valuable glimpse into the diverse lives and people of Ulsan through films such as Ulsan Vulture, which captures the yearly visit of a vulture chick migrating from Mongolia; Sori-Dream, the story of a girl striving to become a master pansori singer and the family supporting her; Forever Young, the life story of poet Kim Yu-rye, who debuted at age of 67 and continues her poetic journey at 86; and The Way I Love, a candid portrait of Ulsan singer-songwriter Gil Gi-pan.
― Jinna Lee, Programmer"
